scenario,family,model,group_SPD,group_DI,group_EOD,group_AOD,group_EqOdds,group_PP,group_Theil,group_TPR_White,group_TPR_Black,group_FPR_White,group_FPR_Black,group_PosRate_White,group_PosRate_Black,group_Precision_White,group_Precision_Black,ind_consistency,ind_cf_fairness,block
baseline,logistic_regression,baseline_logistic_regression,0.32808040960214874,0.3858029541169076,0.380952380952381,0.29612054612054617,0.380952380952381,0.07472359893252001,0.38861753679410566,0.7142857142857143,0.3333333333333333,0.33766233766233766,0.12637362637362637,0.5341614906832298,0.20608108108108109,0.6976744186046512,0.6229508196721312,0.9200647249190939,0.9385113268608414,all_with_ldp
baseline,random_forest,baseline_random_forest,0.28563035084774213,0.4861845085308773,0.287593984962406,0.24644434512855568,0.287593984962406,0.05656424581005581,0.38385562304131376,0.7261904761904762,0.43859649122807015,0.37012987012987014,0.16483516483516483,0.5559006211180124,0.2702702702702703,0.6815642458100558,0.625,0.8381877022653722,0.8300970873786407,all_with_ldp
baseline,xgboost,baseline_xgboost,0.21348833305355042,0.5979927295716769,0.20770676691729328,0.17952770913297234,0.20770676691729328,0.09698892621624988,0.4275518947099467,0.6726190476190477,0.4649122807017544,0.37662337662337664,0.22527472527472528,0.531055900621118,0.31756756756756754,0.6608187134502924,0.5638297872340425,0.7116504854368932,0.7394822006472492,all_with_ldp
augmented_SCM,logistic_regression,augmented_SCM_logistic_regression,0.1238668793016619,0.6883973817567568,0.14442355889724312,0.08869529593213804,0.14442355889724312,0.14959490740740744,0.4030408637328555,0.5654761904761905,0.42105263157894735,0.21428571428571427,0.1813186813186813,0.39751552795031053,0.27364864864864863,0.7421875,0.5925925925925926,0.883495145631068,0.8624595469255664,all_with_ldp
augmented_SCM,random_forest,augmented_SCM_random_forest,0.1531181802920933,0.6859614391461526,0.1372180451127819,0.11131631526368366,0.1372180451127819,0.10467734671556328,0.3910070241877613,0.6547619047619048,0.5175438596491229,0.3051948051948052,0.21978021978021978,0.48757763975155277,0.3344594594594595,0.7006369426751592,0.5959595959595959,0.8605177993527509,0.8495145631067961,all_with_ldp
augmented_SCM,xgboost,augmented_SCM_xgboost,0.09732247775726038,0.7924646500805441,0.07769423558897237,0.06432164326901166,0.07769423558897237,0.12588801926550275,0.4526788447501098,0.5952380952380952,0.5175438596491229,0.33116883116883117,0.2802197802197802,0.468944099378882,0.3716216216216216,0.6622516556291391,0.5363636363636364,0.7174757281553398,0.7831715210355987,all_with_ldp
augmented_update_labels,logistic_regression,augmented_update_labels_logistic_regression,0.2426347154608024,0.5844235192639449,0.30858395989974935,0.21498129063918536,0.30858395989974935,0.17058141984411201,0.4275518947099466,0.7559523809523809,0.4473684210526316,0.3961038961038961,0.27472527472527475,0.5838509316770186,0.34121621621621623,0.675531914893617,0.504950495049505,0.9184466019417475,0.959546925566343,all_with_ldp
augmented_update_labels,random_forest,augmented_update_labels_random_forest,0.19751972469363765,0.6466591591591593,0.19987468671679198,0.15912815254920518,0.19987468671679198,0.11703011422637599,0.4030408637328555,0.7261904761904762,0.5263157894736842,0.37662337662337664,0.25824175824175827,0.5590062111801242,0.3614864864864865,0.6777777777777778,0.5607476635514018,0.8265372168284789,0.8155339805825242,all_with_ldp
augmented_update_labels,xgboost,augmented_update_labels_xgboost,0.13578563035084767,0.7443100995732576,0.10526315789473684,0.09858562490141437,0.10526315789473684,0.10796221322537103,0.4350239095374701,0.6666666666666666,0.5614035087719298,0.38311688311688313,0.29120879120879123,0.531055900621118,0.3952702702702703,0.6549707602339181,0.5470085470085471,0.7171521035598706,0.7152103559870551,all_with_ldp
augmented_add_comparators,logistic_regression,augmented_add_comparators_logistic_regression,0.1883288568071177,0.5225047882528198,0.2174185463659148,0.1554125698862541,0.2174185463659148,0.10081321801987864,0.40062248287229973,0.5595238095238095,0.34210526315789475,0.21428571428571427,0.12087912087912088,0.3944099378881988,0.20608108108108109,0.7401574803149606,0.639344262295082,0.9158576051779935,0.9514563106796117,all_with_ldp
augmented_add_comparators,random_forest,augmented_add_comparators_random_forest,0.21529293268423705,0.5439189189189189,0.22180451127819556,0.1768363215731637,0.22180451127819556,0.07894736842105265,0.38623374544255523,0.6428571428571429,0.42105263157894735,0.2857142857142857,0.15384615384615385,0.4720496894409938,0.25675675675675674,0.7105263157894737,0.631578947368421,0.8601941747572815,0.843042071197411,all_with_ldp
augmented_add_comparators,xgboost,augmented_add_comparators_xgboost,0.15137653181131444,0.6771970646142831,0.13909774436090228,0.11974867238025133,0.13909774436090228,0.10906016626743698,0.4476026917257007,0.5952380952380952,0.45614035087719296,0.33116883116883117,0.23076923076923078,0.468944099378882,0.31756756756756754,0.6622516556291391,0.5531914893617021,0.7216828478964401,0.7588996763754046,all_with_ldp
augmented_add_comparators_bidir,logistic_regression,augmented_add_comparators_bidir_logistic_regression,0.16413463152593585,0.590299601927509,0.18546365914786966,0.12844611528822053,0.18546365914786966,0.11561461794019934,0.39340223490999016,0.5714285714285714,0.38596491228070173,0.21428571428571427,0.14285714285714285,0.40062111801242234,0.23648648648648649,0.7441860465116279,0.6285714285714286,0.9006472491909385,0.9174757281553398,all_with_ldp
augmented_add_comparators_bidir,random_forest,augmented_add_comparators_bidir_random_forest,0.1843419506462985,0.6145577395577395,0.18984962406015038,0.14437536148062463,0.18984962406015038,0.1050903119868637,0.38385562304131376,0.6547619047619048,0.4649122807017544,0.2857142857142857,0.18681318681318682,0.4782608695652174,0.2939189189189189,0.7142857142857143,0.6091954022988506,0.8666666666666667,0.9158576051779935,all_with_ldp
augmented_add_comparators_bidir,xgboost,augmented_add_comparators_bidir_xgboost,0.12881903642773207,0.7178249678249679,0.11842105263157898,0.0974223145275777,0.11842105263157898,0.1202749140893471,0.45013754732516303,0.5833333333333334,0.4649122807017544,0.3181818181818182,0.24175824175824176,0.45652173913043476,0.3277027027027027,0.6666666666666666,0.5463917525773195,0.727831715210356,0.8818770226537217,all_with_ldp
fl_baseline,lr,baseline_lr,0.32808040960214874,0.3858029541169076,0.380952380952381,0.29612054612054617,0.380952380952381,0.07472359893252001,0.38861753679410566,0.7142857142857143,0.3333333333333333,0.33766233766233766,0.12637362637362637,0.5341614906832298,0.20608108108108109,0.6976744186046512,0.6229508196721312,0.9200647249190939,0.9385113268608414,all_with_ldp
fl_baseline,rf,baseline_rf,0.28563035084774213,0.4861845085308773,0.287593984962406,0.24644434512855568,0.287593984962406,0.05656424581005581,0.38385562304131376,0.7261904761904762,0.43859649122807015,0.37012987012987014,0.16483516483516483,0.5559006211180124,0.2702702702702703,0.6815642458100558,0.625,0.8381877022653722,0.8300970873786407,all_with_ldp
fl_baseline,xgb,baseline_xgb,0.21348833305355042,0.5979927295716769,0.20770676691729328,0.17952770913297234,0.20770676691729328,0.09698892621624988,0.4275518947099467,0.6726190476190477,0.4649122807017544,0.37662337662337664,0.22527472527472528,0.531055900621118,0.31756756756756754,0.6608187134502924,0.5638297872340425,0.7116504854368932,0.7394822006472492,all_with_ldp
fl_eg_dp,lr,eg_dp_lr,0.007533154272284681,0.9799530935894573,0.04479949874686717,-0.026801049827365614,0.0984015984015984,0.23648494957919475,0.4152212822710972,0.5535714285714286,0.5087719298245614,0.18181818181818182,0.2802197802197802,0.37577639751552794,0.36824324324324326,0.768595041322314,0.5321100917431193,0.8676375404530744,0.7847896440129449,all_with_ldp
fl_eg_dp,rf,eg_dp_rf,0.015590901460466655,0.96439524631014,-0.00971177944862156,-0.029830914699335756,0.04995004995004995,0.16249645390070933,0.3910070241877613,0.6130952380952381,0.6228070175438597,0.24675324675324675,0.2967032967032967,0.43788819875776397,0.4222972972972973,0.7304964539007093,0.568,0.7902912621359224,0.7475728155339806,all_with_ldp
fl_eg_dp,xgb,eg_dp_xgb,0.02637653181131444,0.9437533560050115,0.001879699248120259,-0.010298911614701117,0.022477522477522494,0.14877913148981348,0.44507424537606793,0.6071428571428571,0.6052631578947368,0.3181818181818182,0.34065934065934067,0.468944099378882,0.44256756756756754,0.6754966887417219,0.5267175572519084,0.6912621359223301,0.6731391585760518,all_with_ldp
fl_eg_eo,lr,eg_eo_lr,0.00763807285546414,0.9815078236130869,0.015977443609022535,-0.028974315158525707,0.07392607392607395,0.19598997493734338,0.4226013895575422,0.5773809523809523,0.5614035087719298,0.23376623376623376,0.3076923076923077,0.41304347826086957,0.40540540540540543,0.7293233082706767,0.5333333333333333,0.8129449838187702,0.8106796116504854,all_with_ldp
fl_eg_eo,rf,eg_eo_rf,0.07002266241396676,0.8516625177809388,0.07299498746867161,0.026757233994076063,0.07299498746867161,0.16723794781070322,0.38385562304131376,0.6607142857142857,0.5877192982456141,0.2662337662337662,0.2857142857142857,0.4720496894409938,0.40202702702702703,0.7302631578947368,0.5630252100840336,0.7825242718446602,0.7669902912621359,all_with_ldp
fl_eg_eo,xgb,eg_eo_xgb,0.0954129595433943,0.8055508039685255,0.07236842105263153,0.05991048425258949,0.07236842105263153,0.126095423563778,0.44255217594708407,0.625,0.5526315789473685,0.34415584415584416,0.2967032967032967,0.4906832298136646,0.3952702702702703,0.6645569620253164,0.5384615384615384,0.7009708737864078,0.7022653721682848,all_with_ldp
fl_eg_tpr,lr,eg_tpr_lr,0.017668289407419824,0.9529819075273621,0.04761904761904767,-0.016650016650016614,0.0809190809190809,0.22259472945579295,0.41767527122893816,0.5476190476190477,0.5,0.18831168831168832,0.2692307692307692,0.37577639751552794,0.3581081081081081,0.7603305785123967,0.5377358490566038,0.8631067961165049,0.7815533980582524,all_with_ldp
fl_eg_tpr,rf,eg_tpr_rf,0.06353869397347656,0.8645068909969573,0.04041353383458646,0.02020676691729323,0.04041353383458646,0.1419426048565121,0.3982099364706418,0.6369047619047619,0.5964912280701754,0.2857142857142857,0.2857142857142857,0.468944099378882,0.40540540540540543,0.7086092715231788,0.5666666666666667,0.8048543689320389,0.7702265372168284,all_with_ldp
fl_eg_tpr,xgb,eg_tpr_xgb,0.1185160315595098,0.7614864864864865,0.119360902255639,0.08615397760134597,0.119360902255639,0.14196428571428565,0.44507424537606793,0.6369047619047619,0.5175438596491229,0.34415584415584416,0.29120879120879123,0.4968944099378882,0.3783783783783784,0.66875,0.5267857142857143,0.6967637540453074,0.7038834951456311,all_with_ldp
fl_gs_dp,lr,gs_dp_lr,-0.002056404230317277,1.005564387917329,0.024122807017543768,-0.037139395692027316,0.0984015984015984,0.22834224598930475,0.41767527122893816,0.5416666666666666,0.5175438596491229,0.18181818181818182,0.2802197802197802,0.3695652173913043,0.3716216216216216,0.7647058823529411,0.5363636363636364,0.8637540453074434,0.7750809061488673,all_with_ldp
fl_gs_dp,rf,gs_dp_rf,-0.04047758939063284,1.0958366454689983,-0.042293233082706716,-0.0795881749829118,0.1168831168831169,0.20239373121511373,0.4226013895575422,0.5892857142857143,0.631578947368421,0.24025974025974026,0.35714285714285715,0.422360248447205,0.46283783783783783,0.7279411764705882,0.5255474452554745,0.7640776699029126,0.6941747572815534,all_with_ldp
fl_gs_dp,xgb,gs_dp_xgb,-0.002937720329024729,1.0064350064350065,-0.027568922305764465,-0.039758487126908215,0.051948051948051965,0.1582132853141256,0.4476026917257007,0.5952380952380952,0.6228070175438597,0.3051948051948052,0.35714285714285715,0.45652173913043476,0.4594594594594595,0.6802721088435374,0.5220588235294118,0.6961165048543689,0.6747572815533981,all_with_ldp
fl_gs_eo,lr,gs_eo_lr,0.32808040960214874,0.3858029541169076,0.380952380952381,0.29612054612054617,0.380952380952381,0.07472359893252001,0.38861753679410566,0.7142857142857143,0.3333333333333333,0.33766233766233766,0.12637362637362637,0.5341614906832298,0.20608108108108109,0.6976744186046512,0.6229508196721312,0.9200647249190939,0.9385113268608414,all_with_ldp
fl_gs_eo,rf,gs_eo_rf,0.28563035084774213,0.4861845085308773,0.287593984962406,0.24644434512855568,0.287593984962406,0.05656424581005581,0.38385562304131376,0.7261904761904762,0.43859649122807015,0.37012987012987014,0.16483516483516483,0.5559006211180124,0.2702702702702703,0.6815642458100558,0.625,0.8381877022653722,0.8300970873786407,all_with_ldp
fl_gs_eo,xgb,gs_eo_xgb,0.21348833305355042,0.5979927295716769,0.20770676691729328,0.17952770913297234,0.20770676691729328,0.09698892621624988,0.4275518947099467,0.6726190476190477,0.4649122807017544,0.37662337662337664,0.22527472527472528,0.531055900621118,0.31756756756756754,0.6608187134502924,0.5638297872340425,0.7116504854368932,0.7394822006472492,all_with_ldp
fl_to_dp,lr,to_dp_lr,-0.0020144367970454935,1.0041580041580043,0.005639097744360888,-0.04013749408486253,0.08591408591408595,0.19123931623931634,0.4250735786992054,0.6547619047619048,0.6491228070175439,0.2987012987012987,0.38461538461538464,0.484472049689441,0.4864864864864865,0.7051282051282052,0.5138888888888888,0.8728155339805825,0.7556634304207119,all_with_ldp
fl_to_dp,rf,to_dp_rf,-0.002560013429578678,1.0052172425590147,-0.0028195488721803885,-0.04486631789263365,0.08691308691308691,0.18779261314374895,0.40546510734063596,0.6726190476190477,0.6754385964912281,0.2922077922077922,0.3791208791208791,0.4906832298136646,0.49324324324324326,0.7151898734177216,0.5273972602739726,0.7796116504854369,0.7459546925566343,all_with_ldp
fl_to_dp,xgb,to_dp_xgb,0.0112262884002014,0.9769753830263386,-0.006578947368421018,-0.02401874441348123,0.04145854145854144,0.15815151104485703,0.45522661682518245,0.625,0.631578947368421,0.33766233766233766,0.3791208791208791,0.48757763975155277,0.47635135135135137,0.6687898089171974,0.5106382978723404,0.7064724919093851,0.7055016181229773,all_with_ldp
fl_to_eo,lr,to_eo_lr,0.03525264394829608,0.9324324324324325,0.041353383458646586,-0.0027998317472001932,0.04695304695304697,0.17658730158730163,0.42507357869920553,0.6904761904761905,0.6491228070175439,0.33766233766233766,0.38461538461538464,0.5217391304347826,0.4864864864864865,0.6904761904761905,0.5138888888888888,0.8540453074433657,0.7605177993527508,all_with_ldp
fl_to_eo,rf,to_eo_rf,0.04610122544905154,0.9029765059176824,0.020050125313283207,0.002282804914383846,0.020050125313283207,0.1468272348309403,0.40062248287229973,0.6428571428571429,0.6228070175438597,0.2922077922077922,0.3076923076923077,0.4751552795031056,0.42905405405405406,0.7058823529411765,0.5590551181102362,0.7621359223300971,0.7669902912621359,all_with_ldp
fl_to_eo,xgb,to_eo_xgb,0.06162917575961052,0.8744013000342115,0.007518796992481147,0.02723592197276406,0.04695304695304697,0.10535233728695315,0.4732451223017798,0.5952380952380952,0.5877192982456141,0.37662337662337664,0.32967032967032966,0.4906832298136646,0.42905405405405406,0.6329113924050633,0.5275590551181102,0.6786407766990291,0.7071197411003236,all_with_ldp
ldp_baseline_eps0.5,logistic_regression,ldp_baseline_eps0.5_logistic_regression,0.28890381064294113,0.442951933969898,0.31923558897243104,0.25327413814255917,0.31923558897243104,0.06824586121873899,0.38385562304131376,0.6964285714285714,0.37719298245614036,0.3246753246753247,0.13736263736263737,0.5186335403726708,0.22972972972972974,0.7005988023952096,0.6323529411764706,0.9194174757281554,0.9773462783171522,all_with_ldp
ldp_baseline_eps0.5,random_forest,ldp_baseline_eps0.5_random_forest,0.24672654020480106,0.540774878925168,0.287593984962406,0.2104803091645197,0.287593984962406,0.12380696330151897,0.38385562304131376,0.7261904761904762,0.43859649122807015,0.33116883116883117,0.1978021978021978,0.5372670807453416,0.2905405405405405,0.7052023121387283,0.5813953488372093,0.8563106796116505,0.8398058252427184,all_with_ldp
ldp_baseline_eps0.5,xgboost,ldp_baseline_eps0.5_xgboost,0.17175172066476413,0.6607113248217543,0.224937343358396,0.1471839563944827,0.224937343358396,0.17989713081737618,0.45522661682518234,0.6547619047619048,0.4298245614035088,0.34415584415584416,0.27472527472527475,0.5062111801242236,0.3344594594594595,0.6748466257668712,0.494949494949495,0.7495145631067961,0.7799352750809061,all_with_ldp
ldp_SCM_eps0.5,logistic_regression,ldp_SCM_eps0.5_logistic_regression,0.18450982037938557,0.578637147786084,0.1889097744360902,0.14740194016509803,0.1889097744360902,0.08964539007092198,0.3958031964438027,0.6011904761904762,0.41228070175438597,0.2597402597402597,0.15384615384615385,0.43788819875776397,0.2533783783783784,0.7163120567375887,0.6266666666666667,0.9067961165048544,0.9207119741100324,all_with_ldp
ldp_SCM_eps0.5,random_forest,ldp_SCM_eps0.5_random_forest,0.19741480611045825,0.6216216216216217,0.18483709273182947,0.15310785705522542,0.18483709273182947,0.08779761904761896,0.37204911047295397,0.7023809523809523,0.5175438596491229,0.3246753246753247,0.2032967032967033,0.5217391304347826,0.32432432432432434,0.7023809523809523,0.6145833333333334,0.884789644012945,0.9158576051779935,all_with_ldp
ldp_SCM_eps0.5,xgboost,ldp_SCM_eps0.5_xgboost,0.09558082927648148,0.787744641192917,0.1099624060150376,0.06322296124927704,0.1099624060150376,0.16321839080459766,0.4350239095374701,0.6011904761904762,0.49122807017543857,0.2857142857142857,0.2692307692307692,0.4503105590062112,0.3547297297297297,0.696551724137931,0.5333333333333333,0.7475728155339806,0.86084142394822,all_with_ldp
ldp_update_labels_eps0.5,logistic_regression,ldp_update_labels_eps0.5_logistic_regression,0.31265737787476916,0.43756605767778955,0.343358395989975,0.2760748023905919,0.343358395989975,0.06773743016759781,0.37911627768486883,0.7380952380952381,0.39473684210526316,0.35714285714285715,0.14835164835164835,0.5559006211180124,0.24324324324324326,0.6927374301675978,0.625,0.9161812297734628,0.9741100323624595,all_with_ldp
ldp_update_labels_eps0.5,random_forest,ldp_update_labels_eps0.5_random_forest,0.21997230149404062,0.5881913890634821,0.25532581453634084,0.18335721296247612,0.25532581453634084,0.13359589897474367,0.38861753679410566,0.7202380952380952,0.4649122807017544,0.33116883116883117,0.21978021978021978,0.5341614906832298,0.3141891891891892,0.7034883720930233,0.5698924731182796,0.8653721682847897,0.8592233009708737,all_with_ldp
ldp_update_labels_eps0.5,xgboost,ldp_update_labels_eps0.5_xgboost,0.17431173409434275,0.6618772386844677,0.181077694235589,0.1432361498150972,0.181077694235589,0.1279971370631039,0.44255217594708407,0.6547619047619048,0.47368421052631576,0.36363636363636365,0.25824175824175827,0.515527950310559,0.34121621621621623,0.6626506024096386,0.5346534653465347,0.7718446601941747,0.8009708737864077,all_with_ldp
ldp_add_comparators_eps0.5,logistic_regression,ldp_add_comparators_eps0.5_logistic_regression,0.22423199597112642,0.49859234234234234,0.25062656641604014,0.18924934714408398,0.25062656641604014,0.08585858585858586,0.3910070241877613,0.6190476190476191,0.3684210526315789,0.2597402597402597,0.13186813186813187,0.4472049689440994,0.22297297297297297,0.7222222222222222,0.6363636363636364,0.9255663430420712,0.9724919093851133,all_with_ldp
ldp_add_comparators_eps0.5,random_forest,ldp_add_comparators_eps0.5_random_forest,0.20580829276481444,0.5909242575909244,0.2634711779448622,0.1744428816797238,0.2634711779448622,0.16442199775533117,0.40546510734063596,0.6845238095238095,0.42105263157894735,0.3051948051948052,0.21978021978021978,0.5031055900621118,0.2972972972972973,0.7098765432098766,0.5454545454545454,0.8666666666666667,0.8737864077669902,all_with_ldp
ldp_add_comparators_eps0.5,xgboost,ldp_add_comparators_eps0.5_xgboost,0.12854624811146548,0.7203250547845143,0.15068922305764415,0.10256738875159929,0.15068922305764415,0.1587148372862659,0.4654831169774683,0.5892857142857143,0.43859649122807015,0.3181818181818182,0.26373626373626374,0.45962732919254656,0.3310810810810811,0.668918918918919,0.5102040816326531,0.7469255663430421,0.8300970873786407,all_with_ldp
ldp_add_comparators_bidir_eps0.5,logistic_regression,ldp_add_comparators_bidir_eps0.5_logistic_regression,0.2076128923955011,0.5325080325080325,0.23308270676691734,0.17173615857826385,0.23308270676691734,0.09870129870129873,0.3886175367941057,0.6190476190476191,0.38596491228070173,0.2532467532467532,0.14285714285714285,0.4440993788819876,0.23648648648648649,0.7272727272727273,0.6285714285714286,0.9158576051779935,0.9530744336569579,all_with_ldp
ldp_add_comparators_bidir_eps0.5,random_forest,ldp_add_comparators_bidir_eps0.5_random_forest,0.21311062615410442,0.5711148648648648,0.21647869674185471,0.17292466305624205,0.21647869674185471,0.08720238095238098,0.38148314269140915,0.6726190476190477,0.45614035087719296,0.3051948051948052,0.17582417582417584,0.4968944099378882,0.28378378378378377,0.70625,0.6190476190476191,0.8750809061488674,0.9433656957928802,all_with_ldp
ldp_add_comparators_bidir_eps0.5,xgboost,ldp_add_comparators_bidir_eps0.5_xgboost,0.10827597784119519,0.7644265887509132,0.06892230576441105,0.06942618784724049,0.06993006993006992,0.09875259875259879,0.42507357869920553,0.5952380952380952,0.5263157894736842,0.3116883116883117,0.24175824175824176,0.45962732919254656,0.35135135135135137,0.6756756756756757,0.5769230769230769,0.7504854368932039,0.8932038834951457,all_with_ldp
fl_ldp_eps0.5_baseline,lr,baseline_lr,0.28890381064294113,0.442951933969898,0.31923558897243104,0.25327413814255917,0.31923558897243104,0.06824586121873899,0.38385562304131376,0.6964285714285714,0.37719298245614036,0.3246753246753247,0.13736263736263737,0.5186335403726708,0.22972972972972974,0.7005988023952096,0.6323529411764706,0.9194174757281554,0.9773462783171522,all_with_ldp
fl_ldp_eps0.5_baseline,rf,baseline_rf,0.24672654020480106,0.540774878925168,0.287593984962406,0.2104803091645197,0.287593984962406,0.12380696330151897,0.38385562304131376,0.7261904761904762,0.43859649122807015,0.33116883116883117,0.1978021978021978,0.5372670807453416,0.2905405405405405,0.7052023121387283,0.5813953488372093,0.8563106796116505,0.8398058252427184,all_with_ldp
fl_ldp_eps0.5_baseline,xgb,baseline_xgb,0.17175172066476413,0.6607113248217543,0.224937343358396,0.1471839563944827,0.224937343358396,0.17989713081737618,0.45522661682518234,0.6547619047619048,0.4298245614035088,0.34415584415584416,0.27472527472527475,0.5062111801242236,0.3344594594594595,0.6748466257668712,0.494949494949495,0.7495145631067961,0.7799352750809061,all_with_ldp
fl_ldp_eps0.5_eg_dp,lr,eg_dp_lr,0.21556572100050359,0.5403168068730984,0.23057644110275693,0.17797553323869114,0.23057644110275693,0.08856512141280348,0.38623374544255523,0.6428571428571429,0.41228070175438597,0.2792207792207792,0.15384615384615385,0.468944099378882,0.2533783783783784,0.7152317880794702,0.6266666666666667,0.9035598705501618,0.941747572815534,all_with_ldp
fl_ldp_eps0.5_eg_dp,rf,eg_dp_rf,0.15485982877287224,0.6940805836511358,0.22274436090225563,0.12336019243913979,0.22274436090225563,0.19856064181217548,0.4078952421902019,0.6964285714285714,0.47368421052631576,0.2987012987012987,0.27472527472527475,0.5062111801242236,0.35135135135135137,0.7177914110429447,0.5192307692307693,0.8313915857605177,0.8284789644012945,all_with_ldp
fl_ldp_eps0.5_eg_dp,xgb,eg_dp_xgb,0.11878881987577639,0.7594339622641509,0.13690476190476186,0.08893190143190141,0.13690476190476186,0.15944246132925377,0.45013754732516315,0.6369047619047619,0.5,0.33766233766233766,0.2967032967032967,0.4937888198757764,0.375,0.6729559748427673,0.5135135135135135,0.7466019417475728,0.7847896440129449,all_with_ldp
fl_ldp_eps0.5_eg_eo,lr,eg_eo_lr,0.224882491186839,0.5297911547911548,0.2453007518796993,0.18908394237341608,0.2453007518796993,0.09445887445887446,0.39340223490999016,0.6488095238095238,0.40350877192982454,0.2922077922077922,0.15934065934065933,0.4782608695652174,0.2533783783783784,0.7077922077922078,0.6133333333333333,0.9067961165048544,0.9158576051779935,all_with_ldp
fl_ldp_eps0.5_eg_eo,rf,eg_eo_rf,0.18499244586201102,0.6367831245880027,0.22556390977443608,0.15049424259950575,0.22556390977443608,0.1552337398373983,0.4006224828722997,0.6904761904761905,0.4649122807017544,0.3116883116883117,0.23626373626373626,0.5093167701863354,0.32432432432432434,0.7073170731707317,0.5520833333333334,0.8355987055016181,0.8268608414239482,all_with_ldp
fl_ldp_eps0.5_eg_eo,xgb,eg_eo_xgb,0.1396046667785798,0.7136770528490274,0.17481203007518797,0.11288054051211946,0.17481203007518797,0.17030486673675094,0.45522661682518234,0.6309523809523809,0.45614035087719296,0.33116883116883117,0.2802197802197802,0.48757763975155277,0.34797297297297297,0.6751592356687898,0.5048543689320388,0.7398058252427184,0.7880258899676376,all_with_ldp
fl_ldp_eps0.5_eg_tpr,lr,eg_tpr_lr,0.20259778411952323,0.5621712316343189,0.23057644110275693,0.16598752125067917,0.23057644110275693,0.11444260437549025,0.38623374544255523,0.6428571428571429,0.41228070175438597,0.2662337662337662,0.16483516483516483,0.46273291925465837,0.26013513513513514,0.7248322147651006,0.6103896103896104,0.9061488673139159,0.941747572815534,all_with_ldp
fl_ldp_eps0.5_eg_tpr,rf,eg_tpr_rf,0.16216216216216217,0.6756756756756757,0.1961152882205514,0.12702867308130467,0.1961152882205514,0.15807453416149064,0.4030408637328556,0.6785714285714286,0.4824561403508772,0.3051948051948052,0.24725274725274726,0.5,0.33783783783783783,0.7080745341614907,0.55,0.843042071197411,0.8317152103559871,all_with_ldp
fl_ldp_eps0.5_eg_tpr,xgb,eg_tpr_xgb,0.13595350008393486,0.7229302086897024,0.1600877192982456,0.10926463886990204,0.1600877192982456,0.1597950572634117,0.4629091129860211,0.625,0.4649122807017544,0.34415584415584416,0.2857142857142857,0.4906832298136646,0.3547297297297297,0.6645569620253164,0.5047619047619047,0.7394822006472492,0.7734627831715211,all_with_ldp
fl_ldp_eps0.5_gs_dp,lr,gs_dp_lr,0.28890381064294113,0.442951933969898,0.31923558897243104,0.25327413814255917,0.31923558897243104,0.06824586121873899,0.38385562304131376,0.6964285714285714,0.37719298245614036,0.3246753246753247,0.13736263736263737,0.5186335403726708,0.22972972972972974,0.7005988023952096,0.6323529411764706,0.9194174757281554,0.9773462783171522,all_with_ldp
fl_ldp_eps0.5_gs_dp,rf,gs_dp_rf,0.10691203625986234,0.7749955838191133,0.15476190476190477,0.07413419913419914,0.15476190476190477,0.19601846854949934,0.4152212822710972,0.6547619047619048,0.5,0.2792207792207792,0.2857142857142857,0.4751552795031056,0.36824324324324326,0.7189542483660131,0.5229357798165137,0.8190938511326861,0.7831715210355987,all_with_ldp
fl_ldp_eps0.5_gs_dp,xgb,gs_dp_xgb,0.17175172066476413,0.6607113248217543,0.224937343358396,0.1471839563944827,0.224937343358396,0.17989713081737618,0.45522661682518234,0.6547619047619048,0.4298245614035088,0.34415584415584416,0.27472527472527475,0.5062111801242236,0.3344594594594595,0.6748466257668712,0.494949494949495,0.7495145631067961,0.7799352750809061,all_with_ldp
fl_ldp_eps0.5_gs_eo,lr,gs_eo_lr,0.18304096021487326,0.5601553045582897,0.21209273182957394,0.1482541581225792,0.21209273182957394,0.11561756435215231,0.39340223490999016,0.5892857142857143,0.37719298245614036,0.22727272727272727,0.14285714285714285,0.4161490683229814,0.23310810810810811,0.7388059701492538,0.6231884057971014,0.8938511326860842,0.9385113268608414,all_with_ldp
fl_ldp_eps0.5_gs_eo,rf,gs_eo_rf,0.24672654020480106,0.540774878925168,0.287593984962406,0.2104803091645197,0.287593984962406,0.12380696330151897,0.38385562304131376,0.7261904761904762,0.43859649122807015,0.33116883116883117,0.1978021978021978,0.5372670807453416,0.2905405405405405,0.7052023121387283,0.5813953488372093,0.8563106796116505,0.8398058252427184,all_with_ldp
fl_ldp_eps0.5_gs_eo,xgb,gs_eo_xgb,0.17175172066476413,0.6607113248217543,0.224937343358396,0.1471839563944827,0.224937343358396,0.17989713081737618,0.45522661682518234,0.6547619047619048,0.4298245614035088,0.34415584415584416,0.27472527472527475,0.5062111801242236,0.3344594594594595,0.6748466257668712,0.494949494949495,0.7495145631067961,0.7799352750809061,all_with_ldp
fl_ldp_eps0.5_to_dp,lr,to_dp_lr,0.1859157293939902,0.6539603187002032,0.20269423558897237,0.1465519129992814,0.20269423558897237,0.13211427301022682,0.3886175367941057,0.7202380952380952,0.5175438596491229,0.33766233766233766,0.24725274725274726,0.5372670807453416,0.35135135135135137,0.6994219653179191,0.5673076923076923,0.8786407766990292,0.919093851132686,all_with_ldp
fl_ldp_eps0.5_to_dp,rf,to_dp_rf,0.1482079905992949,0.7272972972972974,0.18233082706766912,0.11214443451285555,0.18233082706766912,0.16722832722832726,0.40546510734063596,0.7261904761904762,0.543859649122807,0.34415584415584416,0.3021978021978022,0.5434782608695652,0.3952702702702703,0.6971428571428572,0.5299145299145299,0.8359223300970874,0.8284789644012945,all_with_ldp
fl_ldp_eps0.5_to_dp,xgb,to_dp_xgb,0.11742487829444348,0.7694462755438366,0.1372180451127819,0.08734029128765969,0.1372180451127819,0.16211101766190084,0.45013754732516315,0.6547619047619048,0.5175438596491229,0.35064935064935066,0.3131868131868132,0.5093167701863354,0.3918918918918919,0.6707317073170732,0.5086206896551724,0.7407766990291262,0.7637540453074434,all_with_ldp
fl_ldp_eps0.5_to_eo,lr,to_eo_lr,0.18083766996810474,0.7145601483836778,0.162907268170426,0.1421429447745237,0.162907268170426,0.1172080772607551,0.42507357869920553,0.7857142857142857,0.6228070175438597,0.4675324675324675,0.34615384615384615,0.6335403726708074,0.4527027027027027,0.6470588235294118,0.5298507462686567,0.8711974110032362,0.912621359223301,all_with_ldp
fl_ldp_eps0.5_to_eo,rf,to_eo_rf,0.17687174752392149,0.6630017591556052,0.18734335839599003,0.14312222864854446,0.18734335839599003,0.130866892629402,0.42507357869920553,0.6785714285714286,0.49122807017543857,0.35714285714285715,0.25824175824175827,0.5248447204968945,0.34797297297297297,0.6745562130177515,0.5436893203883495,0.8187702265372169,0.8284789644012945,all_with_ldp
fl_ldp_eps0.5_to_eo,xgb,to_eo_xgb,0.13725449051536015,0.7517081688430002,0.13471177944862156,0.10756567993410102,0.13471177944862156,0.13638439755184073,0.4680637635672339,0.6785714285714286,0.543859649122807,0.4155844155844156,0.33516483516483514,0.5527950310559007,0.4155405405405405,0.6404494382022472,0.5040650406504065,0.7265372168284789,0.7653721682847896,all_with_ldp
ldp_baseline_eps1,logistic_regression,ldp_baseline_eps1_logistic_regression,0.3247020312237704,0.39212759270898806,0.380952380952381,0.2933732933732934,0.380952380952381,0.08477119279819956,0.3910070241877613,0.7142857142857143,0.3333333333333333,0.33766233766233766,0.13186813186813187,0.5341614906832298,0.20945945945945946,0.6976744186046512,0.6129032258064516,0.9213592233009709,0.941747572815534,all_with_ldp
ldp_baseline_eps1,random_forest,ldp_baseline_eps1_random_forest,0.2459081752560014,0.5500998157248157,0.2963659147869674,0.21361752282804913,0.2963659147869674,0.14262002042900923,0.4030408637328555,0.7261904761904762,0.4298245614035088,0.35064935064935066,0.21978021978021978,0.546583850931677,0.30067567567567566,0.6931818181818182,0.550561797752809,0.8368932038834952,0.8220064724919094,all_with_ldp
ldp_baseline_eps1,xgboost,ldp_baseline_eps1_xgboost,0.22727463488333055,0.5695151033386328,0.2603383458646617,0.19984949261265053,0.2603383458646617,0.13661599471249175,0.44255217594708407,0.6726190476190477,0.41228070175438597,0.37012987012987014,0.23076923076923078,0.5279503105590062,0.30067567567567566,0.6647058823529411,0.5280898876404494,0.7572815533980582,0.7443365695792881,all_with_ldp
ldp_SCM_eps1,logistic_regression,ldp_SCM_eps1_logistic_regression,0.15830115830115826,0.6306306306306307,0.18013784461152882,0.12228670452354662,0.18013784461152882,0.13188405797101455,0.39580319644380274,0.6011904761904762,0.42105263157894735,0.24025974025974026,0.17582417582417584,0.42857142857142855,0.2702702702702703,0.7318840579710145,0.6,0.8902912621359224,0.8932038834951457,all_with_ldp
ldp_SCM_eps1,random_forest,ldp_SCM_eps1_random_forest,0.167554977337586,0.6749837186584174,0.13753132832080206,0.12545897085370772,0.13753132832080206,0.08848988185752726,0.39820993647064173,0.6726190476190477,0.5350877192982456,0.34415584415584416,0.23076923076923078,0.515527950310559,0.34797297297297297,0.6807228915662651,0.5922330097087378,0.8699029126213592,0.8932038834951457,all_with_ldp
ldp_SCM_eps1,xgboost,ldp_SCM_eps1_xgboost,0.10070085613563873,0.7852604259889029,0.07174185463659144,0.06733945878682718,0.07174185463659144,0.11434473540312295,0.45522661682518245,0.5892857142857143,0.5175438596491229,0.33766233766233766,0.27472527472527475,0.468944099378882,0.36824324324324326,0.6556291390728477,0.5412844036697247,0.7142394822006473,0.8365695792880259,all_with_ldp
ldp_update_labels_eps1,logistic_regression,ldp_update_labels_eps1_logistic_regression,0.3383204633204633,0.4079391891891892,0.37280701754385964,0.3032866256550467,0.37280701754385964,0.061594202898550776,0.38385562304131376,0.75,0.37719298245614036,0.37662337662337664,0.14285714285714285,0.5714285714285714,0.23310810810810811,0.6847826086956522,0.6231884057971014,0.9181229773462783,0.9579288025889967,all_with_ldp
ldp_update_labels_eps1,random_forest,ldp_update_labels_eps1_random_forest,0.26399613899613894,0.5380067567567568,0.27318295739348375,0.22700106910633228,0.27318295739348375,0.0914954610606784,0.39820993647064173,0.7380952380952381,0.4649122807017544,0.38961038961038963,0.2087912087912088,0.5714285714285714,0.30743243243243246,0.6739130434782609,0.5824175824175825,0.8666666666666667,0.8592233009708737,all_with_ldp
ldp_update_labels_eps1,xgboost,ldp_update_labels_eps1_xgboost,0.2368641933859325,0.5565681961030798,0.23715538847117795,0.2019942776521724,0.23715538847117795,0.08905919661733608,0.4152212822710972,0.6845238095238095,0.4473684210526316,0.37012987012987014,0.2032967032967033,0.5341614906832298,0.2972972972972973,0.6686046511627907,0.5795454545454546,0.7699029126213592,0.7669902912621359,all_with_ldp
ldp_add_comparators_eps1,logistic_regression,ldp_add_comparators_eps1_logistic_regression,0.23463991942252813,0.47164997164997163,0.2709899749373434,0.20217830415198837,0.2709899749373434,0.09124746221520419,0.39820993647064173,0.6130952380952381,0.34210526315789475,0.2597402597402597,0.12637362637362637,0.4440993788819876,0.20945945945945946,0.7202797202797203,0.6290322580645161,0.929126213592233,0.9902912621359223,all_with_ldp
ldp_add_comparators_eps1,random_forest,ldp_add_comparators_eps1_random_forest,0.22972972972972971,0.5405405405405406,0.281015037593985,0.19645157474104843,0.281015037593985,0.13928571428571435,0.39340223490999016,0.6845238095238095,0.40350877192982454,0.2987012987012987,0.18681318681318682,0.5,0.2702702702702703,0.7142857142857143,0.575,0.856957928802589,0.86084142394822,all_with_ldp
ldp_add_comparators_eps1,xgboost,ldp_add_comparators_eps1_xgboost,0.18041799563538696,0.6275987525987525,0.2067669172932331,0.15408275934591725,0.2067669172932331,0.14444444444444438,0.45522661682518234,0.6190476190476191,0.41228070175438597,0.33766233766233766,0.23626373626373626,0.484472049689441,0.30405405405405406,0.6666666666666666,0.5222222222222223,0.7621359223300971,0.8122977346278317,all_with_ldp
ldp_add_comparators_bidir_eps1,logistic_regression,ldp_add_comparators_bidir_eps1_logistic_regression,0.2138240725197247,0.5251630941286114,0.23903508771929827,0.17795910230120757,0.23903508771929827,0.0955665024630542,0.38861753679410566,0.625,0.38596491228070173,0.2597402597402597,0.14285714285714285,0.4503105590062112,0.23648648648648649,0.7241379310344828,0.6285714285714286,0.9142394822006472,0.9563106796116505,all_with_ldp
ldp_add_comparators_bidir_eps1,random_forest,ldp_add_comparators_bidir_eps1_random_forest,0.21594342789994958,0.5707791124457792,0.22556390977443608,0.17422051632577945,0.22556390977443608,0.09251997095134346,0.3697044435174259,0.6904761904761905,0.4649122807017544,0.2987012987012987,0.17582417582417584,0.5031055900621118,0.28716216216216217,0.7160493827160493,0.6235294117647059,0.873462783171521,0.9368932038834952,all_with_ldp
ldp_add_comparators_bidir_eps1,xgboost,ldp_add_comparators_bidir_eps1_xgboost,0.1491942252811818,0.6978582355940847,0.125,0.1141983016983017,0.125,0.10155382907880128,0.43752703975186247,0.625,0.5,0.35064935064935066,0.24725274725274726,0.4937888198757764,0.34459459459459457,0.660377358490566,0.5588235294117647,0.7440129449838188,0.8754045307443366,all_with_ldp
fl_ldp_eps1_baseline,lr,baseline_lr,0.3247020312237704,0.39212759270898806,0.380952380952381,0.2933732933732934,0.380952380952381,0.08477119279819956,0.3910070241877613,0.7142857142857143,0.3333333333333333,0.33766233766233766,0.13186813186813187,0.5341614906832298,0.20945945945945946,0.6976744186046512,0.6129032258064516,0.9213592233009709,0.941747572815534,all_with_ldp
fl_ldp_eps1_baseline,rf,baseline_rf,0.2459081752560014,0.5500998157248157,0.2963659147869674,0.21361752282804913,0.2963659147869674,0.14262002042900923,0.4030408637328555,0.7261904761904762,0.4298245614035088,0.35064935064935066,0.21978021978021978,0.546583850931677,0.30067567567567566,0.6931818181818182,0.550561797752809,0.8368932038834952,0.8220064724919094,all_with_ldp
fl_ldp_eps1_baseline,xgb,baseline_xgb,0.22727463488333055,0.5695151033386328,0.2603383458646617,0.19984949261265053,0.2603383458646617,0.13661599471249175,0.44255217594708407,0.6726190476190477,0.41228070175438597,0.37012987012987014,0.23076923076923078,0.5279503105590062,0.30067567567567566,0.6647058823529411,0.5280898876404494,0.7572815533980582,0.7443365695792881,all_with_ldp
fl_ldp_eps1_eg_dp,lr,eg_dp_lr,0.17355632029545076,0.6119087837837838,0.19799498746867172,0.13820828294512505,0.19799498746867172,0.12962962962962965,0.39820993647064173,0.6190476190476191,0.42105263157894735,0.2597402597402597,0.1813186813186813,0.4472049689440994,0.27364864864864863,0.7222222222222222,0.5925925925925926,0.898705501618123,0.9142394822006472,all_with_ldp
fl_ldp_eps1_eg_dp,rf,eg_dp_rf,0.16216216216216217,0.6756756756756757,0.1961152882205514,0.12702867308130467,0.1961152882205514,0.15807453416149064,0.4030408637328555,0.6785714285714286,0.4824561403508772,0.3051948051948052,0.24725274725274726,0.5,0.33783783783783783,0.7080745341614907,0.55,0.8326860841423949,0.8155339805825242,all_with_ldp
fl_ldp_eps1_eg_dp,xgb,eg_dp_xgb,0.13284791002182306,0.7275348597004648,0.1632205513784461,0.10383804791699527,0.1632205513784461,0.1672429481346679,0.44507424537606793,0.6369047619047619,0.47368421052631576,0.3246753246753247,0.2802197802197802,0.48757763975155277,0.3547297297297297,0.6815286624203821,0.5142857142857142,0.7401294498381877,0.7362459546925566,all_with_ldp
fl_ldp_eps1_eg_eo,lr,eg_eo_lr,0.19218986066812155,0.5874324324324324,0.18640350877192985,0.15414081532502585,0.18640350877192985,0.08271604938271604,0.3982099364706418,0.625,0.43859649122807015,0.2922077922077922,0.17032967032967034,0.4658385093167702,0.27364864864864863,0.7,0.6172839506172839,0.8944983818770227,0.8802588996763754,all_with_ldp
fl_ldp_eps1_eg_eo,rf,eg_eo_rf,0.18755245929158976,0.6383719048389707,0.22869674185463656,0.15256015913910648,0.22869674185463656,0.15556641818404016,0.3982099364706418,0.7023809523809523,0.47368421052631576,0.3181818181818182,0.24175824175824176,0.5186335403726708,0.3310810810810811,0.7065868263473054,0.5510204081632653,0.8420711974110032,0.8058252427184466,all_with_ldp
fl_ldp_eps1_eg_eo,xgb,eg_eo_xgb,0.13513513513513514,0.7297297297297297,0.14880952380952384,0.10312604062604064,0.14880952380952384,0.14924085576259483,0.43752703975186247,0.6488095238095238,0.5,0.33766233766233766,0.2802197802197802,0.5,0.36486486486486486,0.6770186335403726,0.5277777777777778,0.7336569579288026,0.7540453074433657,all_with_ldp
fl_ldp_eps1_eg_tpr,lr,eg_tpr_lr,0.1867970454926977,0.5851817334575955,0.19799498746867172,0.14969679443363654,0.19799498746867172,0.1018567639257294,0.39340223490999016,0.6190476190476191,0.42105263157894735,0.2662337662337662,0.16483516483516483,0.4503105590062112,0.2635135135135135,0.7172413793103448,0.6153846153846154,0.9097087378640777,0.912621359223301,all_with_ldp
fl_ldp_eps1_eg_tpr,rf,eg_tpr_rf,0.17796290078898774,0.6527027027027027,0.1992481203007519,0.1405831011094169,0.1992481203007519,0.13737373737373737,0.3958031964438027,0.6904761904761905,0.49122807017543857,0.3181818181818182,0.23626373626373626,0.5124223602484472,0.3344594594594595,0.703030303030303,0.5656565656565656,0.8462783171521036,0.8236245954692557,all_with_ldp
fl_ldp_eps1_eg_tpr,xgb,eg_tpr_xgb,0.14189189189189189,0.7162162162162162,0.1400375939849624,0.10698183395551816,0.1400375939849624,0.1298488222196179,0.4275518947099466,0.6488095238095238,0.5087719298245614,0.33766233766233766,0.26373626373626374,0.5,0.3581081081081081,0.6770186335403726,0.5471698113207547,0.7423948220064724,0.7605177993527508,all_with_ldp
fl_ldp_eps1_gs_dp,lr,gs_dp_lr,-0.008267584354540836,1.0227535227535227,0.012218045112781906,-0.04309177664440825,0.0984015984015984,0.22432012432012427,0.4226013895575422,0.5297619047619048,0.5175438596491229,0.18181818181818182,0.2802197802197802,0.36335403726708076,0.3716216216216216,0.7606837606837606,0.5363636363636364,0.8660194174757282,0.7686084142394822,all_with_ldp
fl_ldp_eps1_gs_dp,rf,gs_dp_rf,0.12554557663253313,0.7457504674485808,0.14317042606516284,0.09006673151409988,0.14317042606516284,0.15682880387744502,0.4152212822710971,0.6607142857142857,0.5175438596491229,0.3116883116883117,0.27472527472527475,0.4937888198757764,0.36824324324324326,0.6981132075471698,0.5412844036697247,0.8404530744336569,0.7896440129449838,all_with_ldp
fl_ldp_eps1_gs_dp,xgb,gs_dp_xgb,0.08070337418163503,0.8267567567567567,0.06610275689223055,0.04653789193262875,0.06610275689223055,0.13824561403508773,0.44507424537606793,0.6011904761904762,0.5350877192982456,0.3181818181818182,0.29120879120879123,0.4658385093167702,0.38513513513513514,0.6733333333333333,0.5350877192982456,0.7333333333333333,0.7524271844660194,all_with_ldp
fl_ldp_eps1_gs_eo,lr,gs_eo_lr,-0.024886687930166185,1.0690820130475303,-0.011278195488721776,-0.06033440243966559,0.1093906093906094,0.22353297035692676,0.42507357869920553,0.5238095238095238,0.5350877192982456,0.18181818181818182,0.29120879120879123,0.36024844720496896,0.38513513513513514,0.7586206896551724,0.5350877192982456,0.8530744336569579,0.7621359223300971,all_with_ldp
fl_ldp_eps1_gs_eo,rf,gs_eo_rf,0.2459081752560014,0.5500998157248157,0.2963659147869674,0.21361752282804913,0.2963659147869674,0.14262002042900923,0.4030408637328555,0.7261904761904762,0.4298245614035088,0.35064935064935066,0.21978021978021978,0.546583850931677,0.30067567567567566,0.6931818181818182,0.550561797752809,0.8368932038834952,0.8220064724919094,all_with_ldp
fl_ldp_eps1_gs_eo,xgb,gs_eo_xgb,0.22727463488333055,0.5695151033386328,0.2603383458646617,0.19984949261265053,0.2603383458646617,0.13661599471249175,0.44255217594708407,0.6726190476190477,0.41228070175438597,0.37012987012987014,0.23076923076923078,0.5279503105590062,0.30067567567567566,0.6647058823529411,0.5280898876404494,0.7572815533980582,0.7443365695792881,all_with_ldp
fl_ldp_eps1_to_dp,lr,to_dp_lr,0.12155867047171393,0.789559721011334,0.1271929824561403,0.08257751020908913,0.1271929824561403,0.15149342891278372,0.4127733006361833,0.75,0.6228070175438597,0.38961038961038963,0.3516483516483517,0.577639751552795,0.4560810810810811,0.6774193548387096,0.5259259259259259,0.8877022653721682,0.8624595469255664,all_with_ldp
fl_ldp_eps1_to_dp,rf,to_dp_rf,0.14145123384253816,0.7397297297297297,0.15601503759398494,0.1017337925232662,0.15601503759398494,0.15092436974789925,0.3958031964438027,0.7261904761904762,0.5701754385964912,0.34415584415584416,0.2967032967032967,0.5434782608695652,0.40202702702702703,0.6971428571428572,0.5462184873949579,0.8372168284789644,0.8171521035598706,all_with_ldp
fl_ldp_eps1_to_dp,xgb,to_dp_xgb,0.09268507638072854,0.8223536036036037,0.0964912280701754,0.05973412552359919,0.0964912280701754,0.1548556430446194,0.4476026917257007,0.6666666666666666,0.5701754385964912,0.36363636363636365,0.34065934065934067,0.5217391304347826,0.42905405405405406,0.6666666666666666,0.5118110236220472,0.7372168284789644,0.7491909385113269,all_with_ldp
fl_ldp_eps1_to_eo,lr,to_eo_lr,0.13398103072016115,0.7729374110953058,0.11528822055137844,0.09610564873722766,0.11528822055137844,0.12670565302144254,0.43252702934260856,0.7380952380952381,0.6228070175438597,0.42857142857142855,0.3516483516483517,0.5900621118012422,0.4560810810810811,0.6526315789473685,0.5259259259259259,0.8666666666666667,0.8576051779935275,all_with_ldp
fl_ldp_eps1_to_eo,rf,to_eo_rf,0.1699471210340775,0.6993243243243245,0.1735588972431077,0.1332329950751003,0.1735588972431077,0.13186813186813184,0.41767527122893805,0.7261904761904762,0.5526315789473685,0.38961038961038963,0.2967032967032967,0.5652173913043478,0.3952702702702703,0.6703296703296703,0.5384615384615384,0.8135922330097087,0.8042071197411004,all_with_ldp
fl_ldp_eps1_to_eo,xgb,to_eo_xgb,0.11971210340775557,0.7705518018018018,0.09617794486215536,0.0858012601433654,0.09617794486215536,0.11939775910364148,0.45267884475010967,0.6488095238095238,0.5526315789473685,0.38311688311688313,0.3076923076923077,0.5217391304347826,0.40202702702702703,0.6488095238095238,0.5294117647058824,0.7242718446601941,0.7200647249190939,all_with_ldp
ldp_baseline_eps3,logistic_regression,ldp_baseline_eps3_logistic_regression,0.32808040960214874,0.3858029541169076,0.380952380952381,0.29612054612054617,0.380952380952381,0.07472359893252001,0.38861753679410566,0.7142857142857143,0.3333333333333333,0.33766233766233766,0.12637362637362637,0.5341614906832298,0.20608108108108109,0.6976744186046512,0.6229508196721312,0.9200647249190939,0.9368932038834952,all_with_ldp
ldp_baseline_eps3,random_forest,ldp_baseline_eps3_random_forest,0.28563035084774213,0.4861845085308773,0.2844611528822055,0.24862418283470916,0.2844611528822055,0.05789106145251388,0.3982099364706418,0.7142857142857143,0.4298245614035088,0.38311688311688313,0.17032967032967034,0.5559006211180124,0.2702702702702703,0.6703910614525139,0.6125,0.8521035598705502,0.8155339805825242,all_with_ldp
ldp_baseline_eps3,xgboost,ldp_baseline_eps3_xgboost,0.20335319791841527,0.6170776039197092,0.1782581453634085,0.16854965210228368,0.1782581453634085,0.08211249773919338,0.4350239095374701,0.6607142857142857,0.4824561403508772,0.38961038961038963,0.23076923076923078,0.531055900621118,0.3277027027027027,0.6491228070175439,0.5670103092783505,0.7084142394822006,0.7572815533980582,all_with_ldp
ldp_SCM_eps3,logistic_regression,ldp_SCM_eps3_logistic_regression,0.1238668793016619,0.6883973817567568,0.14442355889724312,0.08869529593213804,0.14442355889724312,0.14959490740740744,0.4030408637328555,0.5654761904761905,0.42105263157894735,0.21428571428571427,0.1813186813186813,0.39751552795031053,0.27364864864864863,0.7421875,0.5925925925925926,0.883495145631068,0.8624595469255664,all_with_ldp
ldp_SCM_eps3,random_forest,ldp_SCM_eps3_random_forest,0.1596021487325835,0.6747348614437222,0.14598997493734334,0.11894903342271762,0.14598997493734334,0.10436579695169212,0.3958031964438027,0.6547619047619048,0.5087719298245614,0.3116883116883117,0.21978021978021978,0.4906832298136646,0.3310810810810811,0.6962025316455697,0.5918367346938775,0.856957928802589,0.8640776699029126,all_with_ldp
ldp_SCM_eps3,xgboost,ldp_SCM_eps3_xgboost,0.09083850931677018,0.805,0.1043233082706767,0.05915466112834533,0.1043233082706767,0.16414414414414413,0.44255217594708407,0.6130952380952381,0.5087719298245614,0.3051948051948052,0.29120879120879123,0.4658385093167702,0.375,0.6866666666666666,0.5225225225225225,0.7194174757281553,0.7831715210355987,all_with_ldp
ldp_update_labels_eps3,logistic_regression,ldp_update_labels_eps3_logistic_regression,0.2558754406580494,0.5640640640640641,0.3173558897243108,0.22810851429272483,0.3173558897243108,0.1617535903250189,0.4275518947099467,0.7559523809523809,0.43859649122807015,0.4025974025974026,0.26373626373626374,0.5869565217391305,0.3310810810810811,0.671957671957672,0.5102040816326531,0.9181229773462783,0.970873786407767,all_with_ldp
ldp_update_labels_eps3,random_forest,ldp_update_labels_eps3_random_forest,0.20062531475574952,0.6430864566223683,0.19987468671679198,0.16237490579595842,0.19987468671679198,0.11328548561986895,0.40546510734063596,0.7261904761904762,0.5263157894736842,0.38311688311688313,0.25824175824175827,0.562111801242236,0.3614864864864865,0.6740331491712708,0.5607476635514018,0.8352750809061489,0.8106796116504854,all_with_ldp
ldp_update_labels_eps3,xgboost,ldp_update_labels_eps3_xgboost,0.13998237367802585,0.7317004504504504,0.1372180451127819,0.10856906251643092,0.1372180451127819,0.132638010956595,0.45267884475010967,0.6547619047619048,0.5175438596491229,0.37662337662337664,0.2967032967032967,0.5217391304347826,0.38175675675675674,0.6547619047619048,0.5221238938053098,0.7158576051779936,0.7152103559870551,all_with_ldp
ldp_add_comparators_eps3,logistic_regression,ldp_add_comparators_eps3_logistic_regression,0.18549605506127245,0.5221621621621622,0.22619047619047622,0.15330502830502832,0.22619047619047622,0.1186666666666667,0.39820993647064173,0.5595238095238095,0.3333333333333333,0.2012987012987013,0.12087912087912088,0.38819875776397517,0.20270270270270271,0.752,0.6333333333333333,0.9145631067961165,0.9546925566343042,all_with_ldp
ldp_add_comparators_eps3,random_forest,ldp_add_comparators_eps3_random_forest,0.22095853617592753,0.5439189189189189,0.2277568922305765,0.1840582662951084,0.2277568922305765,0.08333333333333326,0.3958031964438027,0.6488095238095238,0.42105263157894735,0.3051948051948052,0.16483516483516483,0.484472049689441,0.2635135135135135,0.6987179487179487,0.6153846153846154,0.8644012944983819,0.843042071197411,all_with_ldp
ldp_add_comparators_eps3,xgboost,ldp_add_comparators_eps3_xgboost,0.12489508141682054,0.7300925086159985,0.11873433583959897,0.0915849501375817,0.11873433583959897,0.12785234899328857,0.43752703975186247,0.6011904761904762,0.4824561403508772,0.3116883116883117,0.24725274725274726,0.46273291925465837,0.33783783783783783,0.6778523489932886,0.55,0.7349514563106796,0.7896440129449838,all_with_ldp
ldp_add_comparators_bidir_eps3,logistic_regression,ldp_add_comparators_bidir_eps3_logistic_regression,0.16751300990431423,0.5818667504714017,0.19423558897243104,0.13283208020050125,0.19423558897243104,0.12099764071452646,0.39580319644380274,0.5714285714285714,0.37719298245614036,0.21428571428571427,0.14285714285714285,0.40062111801242234,0.23310810810810811,0.7441860465116279,0.6231884057971014,0.9003236245954692,0.919093851132686,all_with_ldp
ldp_add_comparators_bidir_eps3,random_forest,ldp_add_comparators_bidir_eps3_random_forest,0.1908259190867887,0.6035745422842196,0.181077694235589,0.14873065530960267,0.181077694235589,0.0817704426106527,0.3791162776848688,0.6547619047619048,0.47368421052631576,0.2922077922077922,0.17582417582417584,0.4813664596273292,0.2905405405405405,0.7096774193548387,0.627906976744186,0.8576051779935275,0.9174757281553398,all_with_ldp
ldp_add_comparators_bidir_eps3,xgboost,ldp_add_comparators_bidir_eps3_xgboost,0.12827345979519889,0.7227915835298386,0.10087719298245618,0.09514389119652279,0.10087719298245618,0.1021625652498136,0.45013754732516315,0.5833333333333334,0.4824561403508772,0.33116883116883117,0.24175824175824176,0.46273291925465837,0.3344594594594595,0.6577181208053692,0.5555555555555556,0.7300970873786408,0.86084142394822,all_with_ldp
fl_ldp_eps3_baseline,lr,baseline_lr,0.32808040960214874,0.3858029541169076,0.380952380952381,0.29612054612054617,0.380952380952381,0.07472359893252001,0.38861753679410566,0.7142857142857143,0.3333333333333333,0.33766233766233766,0.12637362637362637,0.5341614906832298,0.20608108108108109,0.6976744186046512,0.6229508196721312,0.9200647249190939,0.9368932038834952,all_with_ldp
fl_ldp_eps3_baseline,rf,baseline_rf,0.28563035084774213,0.4861845085308773,0.2844611528822055,0.24862418283470916,0.2844611528822055,0.05789106145251388,0.3982099364706418,0.7142857142857143,0.4298245614035088,0.38311688311688313,0.17032967032967034,0.5559006211180124,0.2702702702702703,0.6703910614525139,0.6125,0.8521035598705502,0.8155339805825242,all_with_ldp
fl_ldp_eps3_baseline,xgb,baseline_xgb,0.20335319791841527,0.6170776039197092,0.1782581453634085,0.16854965210228368,0.1782581453634085,0.08211249773919338,0.4350239095374701,0.6607142857142857,0.4824561403508772,0.38961038961038963,0.23076923076923078,0.531055900621118,0.3277027027027027,0.6491228070175439,0.5670103092783505,0.7084142394822006,0.7572815533980582,all_with_ldp
fl_ldp_eps3_eg_dp,lr,eg_dp_lr,0.05657210005036095,0.8565652266439667,0.0563909774436091,0.020952731479047304,0.0563909774436091,0.16440944881889763,0.4226013895575422,0.5476190476190477,0.49122807017543857,0.22727272727272727,0.24175824175824176,0.3944099378881988,0.33783783783783783,0.7244094488188977,0.56,0.8420711974110032,0.8122977346278317,all_with_ldp
fl_ldp_eps3_eg_dp,rf,eg_dp_rf,0.03733003189524925,0.918781957633309,0.025689223057644095,-0.004637905953695454,0.034965034965035,0.16421621621621618,0.4030408637328555,0.6309523809523809,0.6052631578947368,0.2727272727272727,0.3076923076923077,0.45962732919254656,0.4222972972972973,0.7162162162162162,0.552,0.8016181229773462,0.7799352750809061,all_with_ldp
fl_ldp_eps3_eg_dp,xgb,eg_dp_xgb,0.0505707570924962,0.8907128605115183,0.013471177944862078,0.01148084371768579,0.013471177944862078,0.1286720211244361,0.4325270293426086,0.6011904761904762,0.5877192982456141,0.3116883116883117,0.3021978021978022,0.46273291925465837,0.41216216216216217,0.6778523489932886,0.5491803278688525,0.6909385113268608,0.7168284789644013,all_with_ldp
fl_ldp_eps3_eg_eo,lr,eg_eo_lr,0.0912791673661239,0.783883147853736,0.09241854636591473,0.04995552692921111,0.09241854636591473,0.1508103241296519,0.38623374544255523,0.6011904761904762,0.5087719298245614,0.22727272727272727,0.21978021978021978,0.422360248447205,0.3310810810810811,0.7426470588235294,0.5918367346938775,0.8462783171521036,0.8317152103559871,all_with_ldp
fl_ldp_eps3_eg_eo,rf,eg_eo_rf,0.07787057243578982,0.8305788897005113,0.07236842105263153,0.03843196277406799,0.07236842105263153,0.15193733556565414,0.40789524219020196,0.625,0.5526315789473685,0.2792207792207792,0.27472527472527475,0.45962732919254656,0.38175675675675674,0.7094594594594594,0.5575221238938053,0.7928802588996764,0.7766990291262136,all_with_ldp
fl_ldp_eps3_eg_eo,xgb,eg_eo_xgb,0.10162413966761791,0.795481418918919,0.09617794486215536,0.06532173966384491,0.09617794486215536,0.1427884615384616,0.4275518947099466,0.6488095238095238,0.5526315789473685,0.33116883116883117,0.2967032967032967,0.4968944099378882,0.3952702702702703,0.68125,0.5384615384615384,0.7067961165048544,0.7265372168284789,all_with_ldp
fl_ldp_eps3_eg_tpr,lr,eg_tpr_lr,0.07466006379049861,0.8219219219219218,0.10401002506265666,0.039267749794065596,0.10401002506265666,0.1917211328976034,0.4078952421902019,0.5952380952380952,0.49122807017543857,0.22727272727272727,0.25274725274725274,0.4192546583850932,0.34459459459459457,0.7407407407407407,0.5490196078431373,0.8666666666666667,0.8349514563106796,all_with_ldp
fl_ldp_eps3_eg_tpr,rf,eg_tpr_rf,0.08920177941917073,0.8158783783783784,0.07581453634085211,0.04714802741118529,0.07581453634085211,0.14102564102564108,0.3982099364706418,0.6547619047619048,0.5789473684210527,0.2987012987012987,0.2802197802197802,0.484472049689441,0.3952702702702703,0.7051282051282052,0.5641025641025641,0.8090614886731392,0.7750809061488673,all_with_ldp
fl_ldp_eps3_eg_tpr,xgb,eg_tpr_xgb,0.10162413966761791,0.795481418918919,0.07863408521303261,0.06204431533378904,0.07863408521303261,0.12569444444444444,0.41767527122893816,0.6488095238095238,0.5701754385964912,0.33116883116883117,0.2857142857142857,0.4968944099378882,0.3952702702702703,0.68125,0.5555555555555556,0.7019417475728156,0.7249190938511327,all_with_ldp
fl_ldp_eps3_gs_dp,lr,gs_dp_lr,0.001321974148061067,0.9964228934817171,0.0328947368421052,-0.0327534307797466,0.0984015984015984,0.23259579060982183,0.42013529706607466,0.5416666666666666,0.5087719298245614,0.18181818181818182,0.2802197802197802,0.3695652173913043,0.36824324324324326,0.7647058823529411,0.5321100917431193,0.8650485436893204,0.7799352750809061,all_with_ldp
fl_ldp_eps3_gs_dp,rf,gs_dp_rf,-0.022116837334228645,1.0498015498015498,-0.02725563909774431,-0.06232911825017087,0.09740259740259744,0.19129421303334349,0.41767527122893805,0.6130952380952381,0.6403508771929824,0.2597402597402597,0.35714285714285715,0.4440993788819876,0.46621621621621623,0.7202797202797203,0.5289855072463768,0.7760517799352751,0.7200647249190939,all_with_ldp
fl_ldp_eps3_gs_dp,xgb,gs_dp_xgb,0.007197414806110414,0.9842342342342343,-0.030701754385964897,-0.029336891178996433,0.030701754385964897,0.14035087719298245,0.45522661682518245,0.5833333333333334,0.6140350877192983,0.3181818181818182,0.34615384615384615,0.45652173913043476,0.44932432432432434,0.6666666666666666,0.5263157894736842,0.6922330097087379,0.7038834951456311,all_with_ldp
fl_ldp_eps3_gs_eo,lr,gs_eo_lr,0.32808040960214874,0.3858029541169076,0.380952380952381,0.29612054612054617,0.380952380952381,0.07472359893252001,0.38861753679410566,0.7142857142857143,0.3333333333333333,0.33766233766233766,0.12637362637362637,0.5341614906832298,0.20608108108108109,0.6976744186046512,0.6229508196721312,0.9200647249190939,0.9368932038834952,all_with_ldp
fl_ldp_eps3_gs_eo,rf,gs_eo_rf,0.28563035084774213,0.4861845085308773,0.2844611528822055,0.24862418283470916,0.2844611528822055,0.05789106145251388,0.3982099364706418,0.7142857142857143,0.4298245614035088,0.38311688311688313,0.17032967032967034,0.5559006211180124,0.2702702702702703,0.6703910614525139,0.6125,0.8521035598705502,0.8155339805825242,all_with_ldp
fl_ldp_eps3_gs_eo,xgb,gs_eo_xgb,0.20335319791841527,0.6170776039197092,0.1782581453634085,0.16854965210228368,0.1782581453634085,0.08211249773919338,0.4350239095374701,0.6607142857142857,0.4824561403508772,0.38961038961038963,0.23076923076923078,0.531055900621118,0.3277027027027027,0.6491228070175439,0.5670103092783505,0.7084142394822006,0.7572815533980582,all_with_ldp
fl_ldp_eps3_to_dp,lr,to_dp_lr,0.022830283699848852,0.9551746868820041,0.029448621553884724,-0.01524571919308762,0.059940059940059964,0.1812330623306233,0.42507357869920553,0.6785714285714286,0.6491228070175439,0.3246753246753247,0.38461538461538464,0.5093167701863354,0.4864864864864865,0.6951219512195121,0.5138888888888888,0.8728155339805825,0.7686084142394822,all_with_ldp
fl_ldp_eps3_to_dp,rf,to_dp_rf,0.018255833473224792,0.9623180873180873,0.00877192982456132,-0.025833815307499564,0.06043956043956045,0.17447045707915276,0.39580319644380274,0.6666666666666666,0.6578947368421053,0.2857142857142857,0.34615384615384615,0.484472049689441,0.46621621621621623,0.717948717948718,0.5434782608695652,0.8048543689320389,0.7718446601941747,all_with_ldp
fl_ldp_eps3_to_dp,xgb,to_dp_xgb,0.007575121705556465,0.984562093739309,-0.02412280701754388,-0.029543920991289413,0.03496503496503495,0.14707444454279894,0.45267884475010967,0.625,0.6491228070175439,0.34415584415584416,0.3791208791208791,0.4906832298136646,0.4831081081081081,0.6645569620253164,0.5174825174825175,0.6961165048543689,0.7313915857605178,all_with_ldp
fl_ldp_eps3_to_eo,lr,to_eo_lr,0.0411910357562531,0.9224355934882251,0.04730576441102752,0.0039226124752440306,0.04730576441102752,0.17386569872958257,0.4300363680338826,0.6964285714285714,0.6491228070175439,0.35064935064935066,0.3901098901098901,0.531055900621118,0.48986486486486486,0.6842105263157895,0.5103448275862069,0.8174757281553398,0.7783171521035599,all_with_ldp
fl_ldp_eps3_to_eo,rf,to_eo_rf,0.10206479771697163,0.7748981858570899,0.08959899749373423,0.06403026797763633,0.08959899749373423,0.1313224446786091,0.4152212822710972,0.6071428571428571,0.5175438596491229,0.2857142857142857,0.24725274725274726,0.453416149068323,0.35135135135135137,0.6986301369863014,0.5673076923076923,0.7844660194174757,0.7831715210355987,all_with_ldp
fl_ldp_eps3_to_eo,xgb,to_eo_xgb,0.0873971797884841,0.8391891891891893,0.0792606516290727,0.05311683930104985,0.0792606516290727,0.14603174603174607,0.45013754732516315,0.6845238095238095,0.6052631578947368,0.38961038961038963,0.3626373626373626,0.5434782608695652,0.4560810810810811,0.6571428571428571,0.5111111111111111,0.6818770226537216,0.7055016181229773,all_with_ldp
ldp_baseline_eps5,logistic_regression,ldp_baseline_eps5_logistic_regression,0.3247020312237704,0.39212759270898806,0.380952380952381,0.2933732933732934,0.380952380952381,0.08477119279819956,0.3910070241877613,0.7142857142857143,0.3333333333333333,0.33766233766233766,0.13186813186813187,0.5341614906832298,0.20945945945945946,0.6976744186046512,0.6129032258064516,0.9213592233009709,0.941747572815534,all_with_ldp
ldp_baseline_eps5,random_forest,ldp_baseline_eps5_random_forest,0.2661784455262716,0.5130144348894349,0.29041353383458646,0.2303716020821284,0.29041353383458646,0.09713855421686746,0.39340223490999016,0.7202380952380952,0.4298245614035088,0.35714285714285715,0.18681318681318682,0.546583850931677,0.28040540540540543,0.6875,0.5903614457831325,0.8478964401294499,0.8317152103559871,all_with_ldp
ldp_baseline_eps5,xgboost,ldp_baseline_eps5_xgboost,0.21659392311566228,0.5945160276555624,0.21929824561403505,0.1863224494803442,0.21929824561403505,0.10860959920831281,0.44507424537606793,0.6666666666666666,0.4473684210526316,0.38961038961038963,0.23626373626373626,0.5341614906832298,0.31756756756756754,0.6511627906976745,0.5425531914893617,0.7252427184466019,0.7459546925566343,all_with_ldp
ldp_SCM_eps5,logistic_regression,ldp_SCM_eps5_logistic_regression,0.1238668793016619,0.6883973817567568,0.14442355889724312,0.08869529593213804,0.14442355889724312,0.14959490740740744,0.4030408637328555,0.5654761904761905,0.42105263157894735,0.21428571428571427,0.1813186813186813,0.39751552795031053,0.27364864864864863,0.7421875,0.5925925925925926,0.883495145631068,0.8624595469255664,all_with_ldp
ldp_SCM_eps5,random_forest,ldp_SCM_eps5_random_forest,0.15001259022998154,0.6903586278586279,0.13126566416040097,0.10834012478749319,0.13126566416040097,0.10275835275835277,0.39340223490999016,0.6488095238095238,0.5175438596491229,0.3051948051948052,0.21978021978021978,0.484472049689441,0.3344594594594595,0.6987179487179487,0.5959595959595959,0.859546925566343,0.8559870550161812,all_with_ldp
ldp_SCM_eps5,xgboost,ldp_SCM_eps5_xgboost,0.10745761289239547,0.7708519778056202,0.06015037593984962,0.06928597718071403,0.07842157842157843,0.09215819768521394,0.4350239095374701,0.5952380952380952,0.5350877192982456,0.33116883116883117,0.25274725274725274,0.468944099378882,0.3614864864864865,0.6622516556291391,0.5700934579439252,0.7255663430420712,0.7734627831715211,all_with_ldp
ldp_update_labels_eps5,logistic_regression,ldp_update_labels_eps5_logistic_regression,0.2611633372502937,0.537941787941788,0.3229949874686717,0.23117781341465554,0.3229949874686717,0.1534798534798535,0.4103312969843572,0.7440476190476191,0.42105263157894735,0.37012987012987014,0.23076923076923078,0.5652173913043478,0.30405405405405406,0.6868131868131868,0.5333333333333333,0.9216828478964402,0.9660194174757282,all_with_ldp
ldp_update_labels_eps5,random_forest,ldp_update_labels_eps5_random_forest,0.1882029545073023,0.6576194838906704,0.19392230576441105,0.14965845557950821,0.19392230576441105,0.12286815565763776,0.40062248287229973,0.7202380952380952,0.5263157894736842,0.36363636363636365,0.25824175824175827,0.5496894409937888,0.3614864864864865,0.6836158192090396,0.5607476635514018,0.8339805825242719,0.8236245954692557,all_with_ldp
ldp_update_labels_eps5,xgboost,ldp_update_labels_eps5_xgboost,0.16591824743998657,0.6893856065367694,0.10526315789473684,0.1238104001261896,0.14235764235764237,0.06400682739492214,0.41767527122893805,0.6666666666666666,0.5614035087719298,0.38961038961038963,0.24725274725274726,0.5341614906832298,0.36824324324324326,0.6511627906976745,0.5871559633027523,0.7197411003236246,0.7297734627831716,all_with_ldp
ldp_add_comparators_eps5,logistic_regression,ldp_add_comparators_eps5_logistic_regression,0.1883288568071177,0.5225047882528198,0.2174185463659148,0.1554125698862541,0.2174185463659148,0.10081321801987864,0.40062248287229973,0.5595238095238095,0.34210526315789475,0.21428571428571427,0.12087912087912088,0.3944099378881988,0.20608108108108109,0.7401574803149606,0.639344262295082,0.9158576051779935,0.9514563106796117,all_with_ldp
ldp_add_comparators_eps5,random_forest,ldp_add_comparators_eps5_random_forest,0.2108234010407924,0.5648388773388773,0.21021303258145368,0.17253908372329427,0.21021303258145368,0.08143399810066476,0.39340223490999016,0.6488095238095238,0.43859649122807015,0.3051948051948052,0.17032967032967034,0.484472049689441,0.27364864864864863,0.6987179487179487,0.6172839506172839,0.8676375404530744,0.8495145631067961,all_with_ldp
ldp_add_comparators_eps5,xgboost,ldp_add_comparators_eps5_xgboost,0.1313790498573107,0.717972972972973,0.0892857142857143,0.09484265734265734,0.10039960039960039,0.08424242424242423,0.43752703975186247,0.5892857142857143,0.5,0.33116883116883117,0.23076923076923078,0.4658385093167702,0.3344594594594595,0.66,0.5757575757575758,0.7323624595469256,0.7637540453074434,all_with_ldp
ldp_add_comparators_bidir_eps5,logistic_regression,ldp_add_comparators_bidir_eps5_logistic_regression,0.16413463152593585,0.590299601927509,0.18546365914786966,0.12844611528822053,0.18546365914786966,0.11561461794019934,0.39340223490999016,0.5714285714285714,0.38596491228070173,0.21428571428571427,0.14285714285714285,0.40062111801242234,0.23648648648648649,0.7441860465116279,0.6285714285714286,0.9006472491909385,0.9223300970873787,all_with_ldp
ldp_add_comparators_bidir_eps5,random_forest,ldp_add_comparators_bidir_eps5_random_forest,0.19447708578143363,0.5933660933660934,0.19266917293233088,0.15452639465797363,0.19266917293233088,0.08874458874458868,0.38623374544255523,0.6488095238095238,0.45614035087719296,0.2922077922077922,0.17582417582417584,0.4782608695652174,0.28378378378378377,0.7077922077922078,0.6190476190476191,0.8637540453074434,0.9352750809061489,all_with_ldp
ldp_add_comparators_bidir_eps5,xgboost,ldp_add_comparators_bidir_eps5_xgboost,0.11922947792513011,0.7352283317800559,0.08615288220551376,0.08353598156229733,0.08615288220551376,0.09753694581280792,0.43752703975186247,0.5773809523809523,0.49122807017543857,0.3116883116883117,0.23076923076923078,0.4503105590062112,0.3310810810810811,0.6689655172413793,0.5714285714285714,0.7398058252427184,0.883495145631068,all_with_ldp
fl_ldp_eps5_baseline,lr,baseline_lr,0.3247020312237704,0.39212759270898806,0.380952380952381,0.2933732933732934,0.380952380952381,0.08477119279819956,0.3910070241877613,0.7142857142857143,0.3333333333333333,0.33766233766233766,0.13186813186813187,0.5341614906832298,0.20945945945945946,0.6976744186046512,0.6129032258064516,0.9213592233009709,0.941747572815534,all_with_ldp
fl_ldp_eps5_baseline,rf,baseline_rf,0.2661784455262716,0.5130144348894349,0.29041353383458646,0.2303716020821284,0.29041353383458646,0.09713855421686746,0.39340223490999016,0.7202380952380952,0.4298245614035088,0.35714285714285715,0.18681318681318682,0.546583850931677,0.28040540540540543,0.6875,0.5903614457831325,0.8478964401294499,0.8317152103559871,all_with_ldp
fl_ldp_eps5_baseline,xgb,baseline_xgb,0.21659392311566228,0.5945160276555624,0.21929824561403505,0.1863224494803442,0.21929824561403505,0.10860959920831281,0.44507424537606793,0.6666666666666666,0.4473684210526316,0.38961038961038963,0.23626373626373626,0.5341614906832298,0.31756756756756754,0.6511627906976745,0.5425531914893617,0.7252427184466019,0.7459546925566343,all_with_ldp
fl_ldp_eps5_eg_dp,lr,eg_dp_lr,0.04725532986402553,0.877288578901482,0.03884711779448624,0.007935047408731633,0.03884711779448624,0.1619354838709678,0.40546510734063596,0.5476190476190477,0.5087719298245614,0.2077922077922078,0.23076923076923078,0.38509316770186336,0.33783783783783783,0.7419354838709677,0.58,0.8297734627831715,0.8025889967637541,all_with_ldp
fl_ldp_eps5_eg_dp,rf,eg_dp_rf,0.013954171562867212,0.9694337194337195,-0.012531328320801949,-0.028743186637923468,0.04495504495504499,0.15786467258659187,0.4103312969843572,0.6190476190476191,0.631578947368421,0.2792207792207792,0.3241758241758242,0.45652173913043476,0.44256756756756754,0.7074829931972789,0.549618320610687,0.7925566343042071,0.7443365695792881,all_with_ldp
fl_ldp_eps5_eg_dp,xgb,eg_dp_xgb,0.04664680208158467,0.9005280114551638,0.04291979949874691,0.012468890758364465,0.04291979949874691,0.16211920529801327,0.44507424537606793,0.6130952380952381,0.5701754385964912,0.3116883116883117,0.32967032967032966,0.468944099378882,0.4222972972972973,0.6821192052980133,0.52,0.6970873786407767,0.7006472491909385,all_with_ldp
fl_ldp_eps5_eg_eo,lr,eg_eo_lr,0.027362766493201296,0.9347347347347347,0.024749373433583854,-0.009853085510980311,0.04445554445554448,0.17541507024265646,0.4226013895575422,0.5773809523809523,0.5526315789473685,0.24675324675324675,0.29120879120879123,0.4192546583850932,0.3918918918918919,0.7185185185185186,0.5431034482758621,0.8132686084142395,0.7184466019417476,all_with_ldp
fl_ldp_eps5_eg_eo,rf,eg_eo_rf,0.07596105422192378,0.8421970357454228,0.05827067669172936,0.03238209159261793,0.05827067669172936,0.1430107526881721,0.39340223490999016,0.6547619047619048,0.5964912280701754,0.2922077922077922,0.2857142857142857,0.4813664596273292,0.40540540540540543,0.7096774193548387,0.5666666666666667,0.8032362459546926,0.7718446601941747,all_with_ldp
fl_ldp_eps5_eg_eo,xgb,eg_eo_xgb,0.09367131106261539,0.8015647226173542,0.07769423558897237,0.0620738910212594,0.07769423558897237,0.131109022556391,0.4603417174845011,0.5952380952380952,0.5175438596491229,0.33766233766233766,0.29120879120879123,0.4720496894409938,0.3783783783783784,0.6578947368421053,0.5267857142857143,0.6915857605177993,0.7152103559870551,all_with_ldp
fl_ldp_eps5_eg_tpr,lr,eg_tpr_lr,0.01995551452073191,0.9485945945945946,0.03320802005012535,-0.017362023940971277,0.06793206793206791,0.2015412844036697,0.4103312969843572,0.5595238095238095,0.5263157894736842,0.2012987012987013,0.2692307692307692,0.38819875776397517,0.36824324324324326,0.752,0.5504587155963303,0.873462783171521,0.7815533980582524,all_with_ldp
fl_ldp_eps5_eg_tpr,rf,eg_tpr_rf,0.06691707235185496,0.8573026669053159,0.025689223057644095,0.02158587027008077,0.025689223057644095,0.12215482219377816,0.3958031964438027,0.6309523809523809,0.6052631578947368,0.2922077922077922,0.27472527472527475,0.468944099378882,0.40202702702702703,0.7019867549668874,0.5798319327731093,0.8074433656957929,0.7718446601941747,all_with_ldp
fl_ldp_eps5_eg_tpr,xgb,eg_tpr_xgb,0.09933691455430588,0.79495841995842,0.07518796992481203,0.063568010936432,0.07518796992481203,0.12280701754385959,0.4400364513535625,0.6190476190476191,0.543859649122807,0.33766233766233766,0.2857142857142857,0.484472049689441,0.38513513513513514,0.6666666666666666,0.543859649122807,0.7067961165048544,0.7022653721682848,all_with_ldp
fl_ldp_eps5_gs_dp,lr,gs_dp_lr,-0.002056404230317277,1.005564387917329,0.024122807017543768,-0.037139395692027316,0.0984015984015984,0.22834224598930475,0.41767527122893816,0.5416666666666666,0.5175438596491229,0.18181818181818182,0.2802197802197802,0.3695652173913043,0.3716216216216216,0.7647058823529411,0.5363636363636364,0.8637540453074434,0.7750809061488673,all_with_ldp
fl_ldp_eps5_gs_dp,rf,gs_dp_rf,-0.03791757596105422,1.087837837837838,-0.05983709273182958,-0.0786198450672135,0.09740259740259744,0.17985611510791366,0.42507357869920553,0.5892857142857143,0.6491228070175439,0.2597402597402597,0.35714285714285715,0.43167701863354035,0.46959459459459457,0.7122302158273381,0.5323741007194245,0.7669902912621359,0.6925566343042071,all_with_ldp
fl_ldp_eps5_gs_dp,xgb,gs_dp_xgb,-0.01170891388282691,1.0265511990864102,-0.03947368421052633,-0.04995662232504339,0.06043956043956045,0.1602900988017658,0.44003645135356256,0.5833333333333334,0.6228070175438597,0.2857142857142857,0.34615384615384615,0.4409937888198758,0.4527027027027027,0.6901408450704225,0.5298507462686567,0.6915857605177993,0.6747572815533981,all_with_ldp
fl_ldp_eps5_gs_eo,lr,gs_eo_lr,0.3247020312237704,0.39212759270898806,0.380952380952381,0.2933732933732934,0.380952380952381,0.08477119279819956,0.3910070241877613,0.7142857142857143,0.3333333333333333,0.33766233766233766,0.13186813186813187,0.5341614906832298,0.20945945945945946,0.6976744186046512,0.6129032258064516,0.9213592233009709,0.941747572815534,all_with_ldp
fl_ldp_eps5_gs_eo,rf,gs_eo_rf,0.2661784455262716,0.5130144348894349,0.29041353383458646,0.2303716020821284,0.29041353383458646,0.09713855421686746,0.39340223490999016,0.7202380952380952,0.4298245614035088,0.35714285714285715,0.18681318681318682,0.546583850931677,0.28040540540540543,0.6875,0.5903614457831325,0.8478964401294499,0.8317152103559871,all_with_ldp
fl_ldp_eps5_gs_eo,xgb,gs_eo_xgb,0.21659392311566228,0.5945160276555624,0.21929824561403505,0.1863224494803442,0.21929824561403505,0.10860959920831281,0.44507424537606793,0.6666666666666666,0.4473684210526316,0.38961038961038963,0.23626373626373626,0.5341614906832298,0.31756756756756754,0.6511627906976745,0.5425531914893617,0.7252427184466019,0.7459546925566343,all_with_ldp
fl_ldp_eps5_to_dp,lr,to_dp_lr,-0.0020144367970454935,1.0041580041580043,0.005639097744360888,-0.04013749408486253,0.08591408591408595,0.19123931623931634,0.4250735786992054,0.6547619047619048,0.6491228070175439,0.2987012987012987,0.38461538461538464,0.484472049689441,0.4864864864864865,0.7051282051282052,0.5138888888888888,0.8728155339805825,0.7588996763754046,all_with_ldp
fl_ldp_eps5_to_dp,rf,to_dp_rf,0.0022872251133121413,0.9955364455364454,0.015350877192982448,-0.040776109855057224,0.0969030969030969,0.19803331326510132,0.39580319644380263,0.7083333333333334,0.6929824561403509,0.2987012987012987,0.3956043956043956,0.5124223602484472,0.5101351351351351,0.7212121212121212,0.5231788079470199,0.801294498381877,0.7508090614886731,all_with_ldp
fl_ldp_eps5_to_dp,xgb,to_dp_xgb,-0.005120026859157301,1.0106364428945074,-0.02725563909774431,-0.03985159577264838,0.05244755244755245,0.15757168458781368,0.4629091129860212,0.6130952380952381,0.6403508771929824,0.33766233766233766,0.3901098901098901,0.4813664596273292,0.4864864864864865,0.6645161290322581,0.5069444444444444,0.7,0.7055016181229773,all_with_ldp
fl_ldp_eps5_to_eo,lr,to_eo_lr,0.007302333389289872,0.9852116267210608,-0.018170426065162948,-0.029314983262351713,0.04045954045954048,0.1527777777777778,0.45267884475010967,0.6309523809523809,0.6491228070175439,0.34415584415584416,0.38461538461538464,0.4937888198757764,0.4864864864864865,0.6666666666666666,0.5138888888888888,0.8132686084142395,0.7475728155339806,all_with_ldp
fl_ldp_eps5_to_eo,rf,to_eo_rf,0.0655531307705221,0.8646916146916146,0.037907268170426,0.019453134584713483,0.037907268170426,0.1389578163771712,0.38623374544255523,0.6607142857142857,0.6228070175438597,0.2922077922077922,0.29120879120879123,0.484472049689441,0.4189189189189189,0.7115384615384616,0.5725806451612904,0.7841423948220064,0.7572815533980582,all_with_ldp
fl_ldp_eps5_to_eo,xgb,to_eo_xgb,0.0944267248615075,0.8252562907735321,0.07017543859649122,0.060562244772771084,0.07017543859649122,0.12852664576802508,0.4603417174845011,0.6666666666666666,0.5964912280701754,0.4025974025974026,0.3516483516483517,0.5403726708074534,0.44594594594594594,0.6436781609195402,0.5151515151515151,0.6809061488673139,0.6796116504854369,all_with_ldp
ldp_baseline_eps10,logistic_regression,ldp_baseline_eps10_logistic_regression,0.32808040960214874,0.3858029541169076,0.380952380952381,0.29612054612054617,0.380952380952381,0.07472359893252001,0.38861753679410566,0.7142857142857143,0.3333333333333333,0.33766233766233766,0.12637362637362637,0.5341614906832298,0.20608108108108109,0.6976744186046512,0.6229508196721312,0.9200647249190939,0.9385113268608414,all_with_ldp
ldp_baseline_eps10,random_forest,ldp_baseline_eps10_random_forest,0.28563035084774213,0.4861845085308773,0.287593984962406,0.24644434512855568,0.287593984962406,0.05656424581005581,0.38385562304131376,0.7261904761904762,0.43859649122807015,0.37012987012987014,0.16483516483516483,0.5559006211180124,0.2702702702702703,0.6815642458100558,0.625,0.8381877022653722,0.8300970873786407,all_with_ldp
ldp_baseline_eps10,xgboost,ldp_baseline_eps10_xgboost,0.21348833305355042,0.5979927295716769,0.20770676691729328,0.17952770913297234,0.20770676691729328,0.09698892621624988,0.4275518947099467,0.6726190476190477,0.4649122807017544,0.37662337662337664,0.22527472527472528,0.531055900621118,0.31756756756756754,0.6608187134502924,0.5638297872340425,0.7116504854368932,0.7394822006472492,all_with_ldp
ldp_SCM_eps10,logistic_regression,ldp_SCM_eps10_logistic_regression,0.1238668793016619,0.6883973817567568,0.14442355889724312,0.08869529593213804,0.14442355889724312,0.14959490740740744,0.4030408637328555,0.5654761904761905,0.42105263157894735,0.21428571428571427,0.1813186813186813,0.39751552795031053,0.27364864864864863,0.7421875,0.5925925925925926,0.883495145631068,0.8624595469255664,all_with_ldp
ldp_SCM_eps10,random_forest,ldp_SCM_eps10_random_forest,0.1531181802920933,0.6859614391461526,0.1372180451127819,0.11131631526368366,0.1372180451127819,0.10467734671556328,0.3910070241877613,0.6547619047619048,0.5175438596491229,0.3051948051948052,0.21978021978021978,0.48757763975155277,0.3344594594594595,0.7006369426751592,0.5959595959595959,0.8605177993527509,0.8495145631067961,all_with_ldp
ldp_SCM_eps10,xgboost,ldp_SCM_eps10_xgboost,0.09732247775726038,0.7924646500805441,0.07769423558897237,0.06432164326901166,0.07769423558897237,0.12588801926550275,0.4526788447501098,0.5952380952380952,0.5175438596491229,0.33116883116883117,0.2802197802197802,0.468944099378882,0.3716216216216216,0.6622516556291391,0.5363636363636364,0.7174757281553398,0.7831715210355987,all_with_ldp
ldp_update_labels_eps10,logistic_regression,ldp_update_labels_eps10_logistic_regression,0.2426347154608024,0.5844235192639449,0.30858395989974935,0.21498129063918536,0.30858395989974935,0.17058141984411201,0.4275518947099466,0.7559523809523809,0.4473684210526316,0.3961038961038961,0.27472527472527475,0.5838509316770186,0.34121621621621623,0.675531914893617,0.504950495049505,0.9184466019417475,0.959546925566343,all_with_ldp
ldp_update_labels_eps10,random_forest,ldp_update_labels_eps10_random_forest,0.19751972469363765,0.6466591591591593,0.19987468671679198,0.15912815254920518,0.19987468671679198,0.11703011422637599,0.4030408637328555,0.7261904761904762,0.5263157894736842,0.37662337662337664,0.25824175824175827,0.5590062111801242,0.3614864864864865,0.6777777777777778,0.5607476635514018,0.8265372168284789,0.8155339805825242,all_with_ldp
ldp_update_labels_eps10,xgboost,ldp_update_labels_eps10_xgboost,0.13578563035084767,0.7443100995732576,0.10526315789473684,0.09858562490141437,0.10526315789473684,0.10796221322537103,0.4350239095374701,0.6666666666666666,0.5614035087719298,0.38311688311688313,0.29120879120879123,0.531055900621118,0.3952702702702703,0.6549707602339181,0.5470085470085471,0.7171521035598706,0.7152103559870551,all_with_ldp
ldp_add_comparators_eps10,logistic_regression,ldp_add_comparators_eps10_logistic_regression,0.1883288568071177,0.5225047882528198,0.2174185463659148,0.1554125698862541,0.2174185463659148,0.10081321801987864,0.40062248287229973,0.5595238095238095,0.34210526315789475,0.21428571428571427,0.12087912087912088,0.3944099378881988,0.20608108108108109,0.7401574803149606,0.639344262295082,0.9158576051779935,0.9514563106796117,all_with_ldp
ldp_add_comparators_eps10,random_forest,ldp_add_comparators_eps10_random_forest,0.21529293268423705,0.5439189189189189,0.22180451127819556,0.1768363215731637,0.22180451127819556,0.07894736842105265,0.38623374544255523,0.6428571428571429,0.42105263157894735,0.2857142857142857,0.15384615384615385,0.4720496894409938,0.25675675675675674,0.7105263157894737,0.631578947368421,0.8601941747572815,0.843042071197411,all_with_ldp
ldp_add_comparators_eps10,xgboost,ldp_add_comparators_eps10_xgboost,0.15137653181131444,0.6771970646142831,0.13909774436090228,0.11974867238025133,0.13909774436090228,0.10906016626743698,0.4476026917257007,0.5952380952380952,0.45614035087719296,0.33116883116883117,0.23076923076923078,0.468944099378882,0.31756756756756754,0.6622516556291391,0.5531914893617021,0.7216828478964401,0.7588996763754046,all_with_ldp
ldp_add_comparators_bidir_eps10,logistic_regression,ldp_add_comparators_bidir_eps10_logistic_regression,0.16413463152593585,0.590299601927509,0.18546365914786966,0.12844611528822053,0.18546365914786966,0.11561461794019934,0.39340223490999016,0.5714285714285714,0.38596491228070173,0.21428571428571427,0.14285714285714285,0.40062111801242234,0.23648648648648649,0.7441860465116279,0.6285714285714286,0.9006472491909385,0.9174757281553398,all_with_ldp
ldp_add_comparators_bidir_eps10,random_forest,ldp_add_comparators_bidir_eps10_random_forest,0.1843419506462985,0.6145577395577395,0.18984962406015038,0.14437536148062463,0.18984962406015038,0.1050903119868637,0.38385562304131376,0.6547619047619048,0.4649122807017544,0.2857142857142857,0.18681318681318682,0.4782608695652174,0.2939189189189189,0.7142857142857143,0.6091954022988506,0.8666666666666667,0.9158576051779935,all_with_ldp
ldp_add_comparators_bidir_eps10,xgboost,ldp_add_comparators_bidir_eps10_xgboost,0.12881903642773207,0.7178249678249679,0.11842105263157898,0.0974223145275777,0.11842105263157898,0.1202749140893471,0.45013754732516303,0.5833333333333334,0.4649122807017544,0.3181818181818182,0.24175824175824176,0.45652173913043476,0.3277027027027027,0.6666666666666666,0.5463917525773195,0.727831715210356,0.8818770226537217,all_with_ldp
fl_ldp_eps10_baseline,lr,baseline_lr,0.32808040960214874,0.3858029541169076,0.380952380952381,0.29612054612054617,0.380952380952381,0.07472359893252001,0.38861753679410566,0.7142857142857143,0.3333333333333333,0.33766233766233766,0.12637362637362637,0.5341614906832298,0.20608108108108109,0.6976744186046512,0.6229508196721312,0.9200647249190939,0.9385113268608414,all_with_ldp
fl_ldp_eps10_baseline,rf,baseline_rf,0.28563035084774213,0.4861845085308773,0.287593984962406,0.24644434512855568,0.287593984962406,0.05656424581005581,0.38385562304131376,0.7261904761904762,0.43859649122807015,0.37012987012987014,0.16483516483516483,0.5559006211180124,0.2702702702702703,0.6815642458100558,0.625,0.8381877022653722,0.8300970873786407,all_with_ldp
fl_ldp_eps10_baseline,xgb,baseline_xgb,0.21348833305355042,0.5979927295716769,0.20770676691729328,0.17952770913297234,0.20770676691729328,0.09698892621624988,0.4275518947099467,0.6726190476190477,0.4649122807017544,0.37662337662337664,0.22527472527472528,0.531055900621118,0.31756756756756754,0.6608187134502924,0.5638297872340425,0.7116504854368932,0.7394822006472492,all_with_ldp
fl_ldp_eps10_eg_dp,lr,eg_dp_lr,0.007533154272284681,0.9799530935894573,0.04479949874686717,-0.026801049827365614,0.0984015984015984,0.23648494957919475,0.4152212822710972,0.5535714285714286,0.5087719298245614,0.18181818181818182,0.2802197802197802,0.37577639751552794,0.36824324324324326,0.768595041322314,0.5321100917431193,0.8676375404530744,0.7864077669902912,all_with_ldp
fl_ldp_eps10_eg_dp,rf,eg_dp_rf,0.03760282021151584,0.9176319176319176,0.010964912280701733,-0.006505555847661132,0.023976023976023997,0.14976958525345618,0.3982099364706418,0.625,0.6140350877192983,0.2727272727272727,0.2967032967032967,0.45652173913043476,0.4189189189189189,0.7142857142857143,0.5645161290322581,0.7873786407766991,0.7394822006472492,all_with_ldp
fl_ldp_eps10_eg_dp,xgb,eg_dp_xgb,0.03231492361927146,0.9324324324324323,-0.003759398496240629,-0.007124454492875548,0.010489510489510467,0.13744588744588748,0.4350239095374701,0.6190476190476191,0.6228070175438597,0.3246753246753247,0.33516483516483514,0.4782608695652174,0.44594594594594594,0.6753246753246753,0.5378787878787878,0.6896440129449838,0.6699029126213593,all_with_ldp
fl_ldp_eps10_eg_eo,lr,eg_eo_lr,0.03504280678193722,0.9216403903903904,-0.0012531328320801727,-0.006121071910545589,0.010989010989011005,0.1370673952641166,0.42013529706607455,0.5952380952380952,0.5964912280701754,0.2857142857142857,0.2967032967032967,0.4472049689440994,0.41216216216216217,0.6944444444444444,0.5573770491803278,0.8394822006472492,0.7928802588996764,all_with_ldp
fl_ldp_eps10_eg_eo,rf,eg_eo_rf,0.07056823904649989,0.8485135135135136,0.07299498746867161,0.025758232995075042,0.07299498746867161,0.16735042735042738,0.37439928781418175,0.6607142857142857,0.5877192982456141,0.2532467532467532,0.27472527472527475,0.4658385093167702,0.3952702702702703,0.74,0.5726495726495726,0.7944983818770227,0.7718446601941747,all_with_ldp
fl_ldp_eps10_eg_eo,xgb,eg_eo_xgb,0.10500251804599631,0.7886824324324324,0.09022556390977443,0.06833955518166043,0.09022556390977443,0.13189655172413794,0.4300363680338826,0.6428571428571429,0.5526315789473685,0.33766233766233766,0.29120879120879123,0.4968944099378882,0.3918918918918919,0.675,0.5431034482758621,0.6990291262135923,0.7152103559870551,all_with_ldp
fl_ldp_eps10_eg_tpr,lr,eg_tpr_lr,0.02333389289911031,0.9398918918918918,0.050751879699248104,-0.011337346863662667,0.07342657342657344,0.2149629629629629,0.41767527122893805,0.5595238095238095,0.5087719298245614,0.2012987012987013,0.27472527472527475,0.38819875776397517,0.36486486486486486,0.752,0.5370370370370371,0.8592233009708737,0.7928802588996764,all_with_ldp
fl_ldp_eps10_eg_tpr,rf,eg_tpr_rf,0.06016031559509821,0.8717111150885986,0.031641604010025026,0.015820802005012513,0.031641604010025026,0.13836133763888125,0.39580319644380263,0.6369047619047619,0.6052631578947368,0.2857142857142857,0.2857142857142857,0.468944099378882,0.40878378378378377,0.7086092715231788,0.5702479338842975,0.8035598705501618,0.7718446601941747,all_with_ldp
fl_ldp_eps10_eg_tpr,xgb,eg_tpr_xgb,0.11203206311901964,0.7731174570797212,0.10463659147869675,0.07879182221287484,0.10463659147869675,0.13569321533923295,0.44507424537606793,0.6309523809523809,0.5263157894736842,0.34415584415584416,0.29120879120879123,0.4937888198757764,0.38175675675675674,0.6666666666666666,0.5309734513274337,0.6909385113268608,0.7087378640776699,all_with_ldp
fl_ldp_eps10_gs_dp,lr,gs_dp_lr,-0.002056404230317277,1.005564387917329,0.024122807017543768,-0.037139395692027316,0.0984015984015984,0.22834224598930475,0.41767527122893816,0.5416666666666666,0.5175438596491229,0.18181818181818182,0.2802197802197802,0.3695652173913043,0.3716216216216216,0.7647058823529411,0.5363636363636364,0.8637540453074434,0.7750809061488673,all_with_ldp
fl_ldp_eps10_gs_dp,rf,gs_dp_rf,-0.04047758939063284,1.0958366454689983,-0.042293233082706716,-0.0795881749829118,0.1168831168831169,0.20239373121511373,0.4226013895575422,0.5892857142857143,0.631578947368421,0.24025974025974026,0.35714285714285715,0.422360248447205,0.46283783783783783,0.7279411764705882,0.5255474452554745,0.7640776699029126,0.6941747572815534,all_with_ldp
fl_ldp_eps10_gs_dp,xgb,gs_dp_xgb,-0.002937720329024729,1.0064350064350065,-0.027568922305764465,-0.039758487126908215,0.051948051948051965,0.1582132853141256,0.4476026917257007,0.5952380952380952,0.6228070175438597,0.3051948051948052,0.35714285714285715,0.45652173913043476,0.4594594594594595,0.6802721088435374,0.5220588235294118,0.6961165048543689,0.6747572815533981,all_with_ldp
fl_ldp_eps10_gs_eo,lr,gs_eo_lr,0.32808040960214874,0.3858029541169076,0.380952380952381,0.29612054612054617,0.380952380952381,0.07472359893252001,0.38861753679410566,0.7142857142857143,0.3333333333333333,0.33766233766233766,0.12637362637362637,0.5341614906832298,0.20608108108108109,0.6976744186046512,0.6229508196721312,0.9200647249190939,0.9385113268608414,all_with_ldp
fl_ldp_eps10_gs_eo,rf,gs_eo_rf,0.28563035084774213,0.4861845085308773,0.287593984962406,0.24644434512855568,0.287593984962406,0.05656424581005581,0.38385562304131376,0.7261904761904762,0.43859649122807015,0.37012987012987014,0.16483516483516483,0.5559006211180124,0.2702702702702703,0.6815642458100558,0.625,0.8381877022653722,0.8300970873786407,all_with_ldp
fl_ldp_eps10_gs_eo,xgb,gs_eo_xgb,0.21348833305355042,0.5979927295716769,0.20770676691729328,0.17952770913297234,0.20770676691729328,0.09698892621624988,0.4275518947099467,0.6726190476190477,0.4649122807017544,0.37662337662337664,0.22527472527472528,0.531055900621118,0.31756756756756754,0.6608187134502924,0.5638297872340425,0.7116504854368932,0.7394822006472492,all_with_ldp
fl_ldp_eps10_to_dp,lr,to_dp_lr,-0.0020144367970454935,1.0041580041580043,0.005639097744360888,-0.04013749408486253,0.08591408591408595,0.19123931623931634,0.4250735786992054,0.6547619047619048,0.6491228070175439,0.2987012987012987,0.38461538461538464,0.484472049689441,0.4864864864864865,0.7051282051282052,0.5138888888888888,0.874757281553398,0.7556634304207119,all_with_ldp
fl_ldp_eps10_to_dp,rf,to_dp_rf,0.004196743327178065,0.9914471433458776,0.005952380952381042,-0.0377331002331002,0.08141858141858144,0.18741209563994377,0.40546510734063596,0.6726190476190477,0.6666666666666666,0.2922077922077922,0.37362637362637363,0.4906832298136646,0.4864864864864865,0.7151898734177216,0.5277777777777778,0.7760517799352751,0.7411003236245954,all_with_ldp
fl_ldp_eps10_to_dp,xgb,to_dp_xgb,0.0044695316434446575,0.9908331898777759,-0.02412280701754388,-0.03279067423804266,0.04145854145854144,0.1513072914346799,0.45013754732516315,0.625,0.6491228070175439,0.33766233766233766,0.3791208791208791,0.48757763975155277,0.4831081081081081,0.6687898089171974,0.5174825174825175,0.6996763754045308,0.7038834951456311,all_with_ldp
fl_ldp_eps10_to_eo,lr,to_eo_lr,0.013513513513513487,0.972972972972973,-0.012218045112782017,-0.023092039539408,0.03396603396603398,0.15070738440303666,0.45267884475010967,0.6369047619047619,0.6491228070175439,0.35064935064935066,0.38461538461538464,0.5,0.4864864864864865,0.6645962732919255,0.5138888888888888,0.8255663430420712,0.7718446601941747,all_with_ldp
fl_ldp_eps10_to_eo,rf,to_eo_rf,0.05541799563538696,0.8856115731115731,0.008145363408521233,0.012564190195769098,0.016983016983016963,0.12043206137694329,0.41767527122893805,0.6309523809523809,0.6228070175438597,0.3246753246753247,0.3076923076923077,0.484472049689441,0.42905405405405406,0.6794871794871795,0.5590551181102362,0.7660194174757281,0.7605177993527508,all_with_ldp
fl_ldp_eps10_to_eo,xgb,to_eo_xgb,0.09268507638072854,0.8223536036036037,0.04918546365914778,0.05780951504635712,0.06643356643356646,0.10934570678665168,0.4629091129860211,0.6369047619047619,0.5877192982456141,0.3961038961038961,0.32967032967032966,0.5217391304347826,0.42905405405405406,0.6369047619047619,0.5275590551181102,0.6669902912621359,0.7022653721682848,all_with_ldp
